[debug] [2026-08-25T20:20:36.436Z] ----------------------------------------------------------------------
[debug] [2026-08-25T20:20:36.437Z] Command:       /opt/homebrew/Cellar/node/24.6.0/bin/node /Users/closeon/.npm/_npx/ba4f1959e38407b5/node_modules/.bin/firebase deploy --only hosting
[debug] [2026-08-25T20:20:36.437Z] CLI Version:   15.28.1
[debug] [2026-08-25T20:20:36.437Z] Platform:      darwin
[debug] [2026-08-25T20:20:36.437Z] Node Version:  v24.6.0
[debug] [2026-08-25T20:20:36.437Z] Detected Agent: antigravity
[debug] [2026-08-25T20:20:36.437Z] Time:          Wed Aug 26 2026 01:50:36 GMT+0530 (India Standard Time)
[debug] [2026-08-25T20:20:36.437Z] ----------------------------------------------------------------------
[debug] 
[debug] [2026-08-25T20:20:36.969Z] > command requires scopes: ["email","openid","https://www.googleapis.com/auth/cloudplatformprojects.readonly","https://www.googleapis.com/auth/firebase","https://www.googleapis.com/auth/cloud-platform"]
[debug] [2026-08-25T20:20:36.969Z] > authorizing via signed-in user (closeon.st@gmail.com)
[debug] [2026-08-25T20:20:36.969Z] [iam] checking project dabzofb for permissions ["firebase.projects.get","firebasehosting.sites.update"]
[debug] [2026-08-25T20:20:36.973Z] Checked if tokens are valid: true, expires at: 1787690553759
[debug] [2026-08-25T20:20:36.974Z] Checked if tokens are valid: true, expires at: 1787690553759
[debug] [2026-08-25T20:20:36.974Z] >>> [apiv2][query] POST https://cloudresourcemanager.googleapis.com/v1/projects/dabzofb:testIamPermissions [none]
[debug] [2026-08-25T20:20:36.974Z] >>> [apiv2][(partial)header] POST https://cloudresourcemanager.googleapis.com/v1/projects/dabzofb:testIamPermissions  x-goog-user-project=dabzofb
[debug] [2026-08-25T20:20:36.974Z] >>> [apiv2][body] POST https://cloudresourcemanager.googleapis.com/v1/projects/dabzofb:testIamPermissions {"permissions":["firebase.projects.get","firebasehosting.sites.update"]}
[debug] [2026-08-25T20:20:39.587Z] <<< [apiv2][status] POST https://cloudresourcemanager.googleapis.com/v1/projects/dabzofb:testIamPermissions 200
[debug] [2026-08-25T20:20:39.588Z] <<< [apiv2][body] POST https://cloudresourcemanager.googleapis.com/v1/projects/dabzofb:testIamPermissions {"permissions":["firebase.projects.get","firebasehosting.sites.update"]}
[debug] [2026-08-25T20:20:39.588Z] Checked if tokens are valid: true, expires at: 1787690553759
[debug] [2026-08-25T20:20:39.589Z] Checked if tokens are valid: true, expires at: 1787690553759
[debug] [2026-08-25T20:20:39.589Z] >>> [apiv2][query] GET https://firebase.googleapis.com/v1beta1/projects/dabzofb [none]
[debug] [2026-08-25T20:20:40.414Z] <<< [apiv2][status] GET https://firebase.googleapis.com/v1beta1/projects/dabzofb 200
[debug] [2026-08-25T20:20:40.414Z] <<< [apiv2][body] GET https://firebase.googleapis.com/v1beta1/projects/dabzofb {"projectId":"dabzofb","projectNumber":"651368129597","displayName":"dabzo","name":"projects/dabzofb","resources":{"hostingSite":"dabzofb"},"state":"ACTIVE","labels":{"firebase":"enabled","firebase/storage-default-bucket":"created"},"etag":"1_a4394a94-1e6d-4c1f-b4f9-b7c796db4026"}
[info] 
[info] === Deploying to 'dabzofb'...
[info] 
[info] i  deploying hosting 
[debug] [2026-08-25T20:20:40.419Z] Checked if tokens are valid: true, expires at: 1787690553759
[debug] [2026-08-25T20:20:40.419Z] Checked if tokens are valid: true, expires at: 1787690553759
[debug] [2026-08-25T20:20:40.420Z] Checked if tokens are valid: true, expires at: 1787690553759
[debug] [2026-08-25T20:20:40.420Z] Checked if tokens are valid: true, expires at: 1787690553759
[debug] [2026-08-25T20:20:40.420Z] Checked if tokens are valid: true, expires at: 1787690553759
[debug] [2026-08-25T20:20:40.420Z] Checked if tokens are valid: true, expires at: 1787690553759
[debug] [2026-08-25T20:20:40.420Z] Checked if tokens are valid: true, expires at: 1787690553759
[debug] [2026-08-25T20:20:40.420Z] Checked if tokens are valid: true, expires at: 1787690553759
[debug] [2026-08-25T20:20:40.420Z] Checked if tokens are valid: true, expires at: 1787690553759
[debug] [2026-08-25T20:20:40.420Z] Checked if tokens are valid: true, expires at: 1787690553759
[debug] [2026-08-25T20:20:40.420Z] >>> [apiv2][query] GET https://firebasehosting.googleapis.com/v1beta1/projects/dabzofb/sites/dabzo [none]
[debug] [2026-08-25T20:20:40.422Z] >>> [apiv2][query] GET https://firebasehosting.googleapis.com/v1beta1/projects/dabzofb/sites/dabzzo-vendor-panel [none]
[debug] [2026-08-25T20:20:40.425Z] >>> [apiv2][query] GET https://firebasehosting.googleapis.com/v1beta1/projects/dabzofb/sites/dabzzo-rider-panel [none]
[debug] [2026-08-25T20:20:40.428Z] >>> [apiv2][query] GET https://firebasehosting.googleapis.com/v1beta1/projects/dabzofb/sites/dabzzo-admin-panel [none]
[debug] [2026-08-25T20:20:40.429Z] >>> [apiv2][query] GET https://firebasehosting.googleapis.com/v1beta1/projects/dabzofb/sites/dabzzo-gig [none]
[debug] [2026-08-25T20:20:41.970Z] <<< [apiv2][status] GET https://firebasehosting.googleapis.com/v1beta1/projects/dabzofb/sites/dabzzo-admin-panel 200
[debug] [2026-08-25T20:20:41.970Z] <<< [apiv2][body] GET https://firebasehosting.googleapis.com/v1beta1/projects/dabzofb/sites/dabzzo-admin-panel {"name":"projects/dabzofb/sites/dabzzo-admin-panel","defaultUrl":"https://dabzzo-admin-panel.web.app","type":"USER_SITE"}
[debug] [2026-08-25T20:20:41.975Z] Checked if tokens are valid: true, expires at: 1787690553759
[debug] [2026-08-25T20:20:41.975Z] Checked if tokens are valid: true, expires at: 1787690553759
[debug] [2026-08-25T20:20:41.976Z] >>> [apiv2][query] POST https://firebasehosting.googleapis.com/v1beta1/projects/-/sites/dabzzo-admin-panel/versions [none]
[debug] [2026-08-25T20:20:41.977Z] >>> [apiv2][body] POST https://firebasehosting.googleapis.com/v1beta1/projects/-/sites/dabzzo-admin-panel/versions {"status":"CREATED","labels":{"deployment-tool":"cli-firebase"}}
[debug] [2026-08-25T20:20:41.979Z] <<< [apiv2][status] GET https://firebasehosting.googleapis.com/v1beta1/projects/dabzofb/sites/dabzzo-rider-panel 200
[debug] [2026-08-25T20:20:41.979Z] <<< [apiv2][body] GET https://firebasehosting.googleapis.com/v1beta1/projects/dabzofb/sites/dabzzo-rider-panel {"name":"projects/dabzofb/sites/dabzzo-rider-panel","defaultUrl":"https://dabzzo-rider-panel.web.app","type":"USER_SITE"}
[debug] [2026-08-25T20:20:41.980Z] Checked if tokens are valid: true, expires at: 1787690553759
[debug] [2026-08-25T20:20:41.980Z] Checked if tokens are valid: true, expires at: 1787690553759
[debug] [2026-08-25T20:20:41.981Z] >>> [apiv2][query] POST https://firebasehosting.googleapis.com/v1beta1/projects/-/sites/dabzzo-rider-panel/versions [none]
[debug] [2026-08-25T20:20:41.981Z] >>> [apiv2][body] POST https://firebasehosting.googleapis.com/v1beta1/projects/-/sites/dabzzo-rider-panel/versions {"status":"CREATED","labels":{"deployment-tool":"cli-firebase"}}
[debug] [2026-08-25T20:20:41.982Z] <<< [apiv2][status] GET https://firebasehosting.googleapis.com/v1beta1/projects/dabzofb/sites/dabzzo-vendor-panel 200
[debug] [2026-08-25T20:20:41.982Z] <<< [apiv2][body] GET https://firebasehosting.googleapis.com/v1beta1/projects/dabzofb/sites/dabzzo-vendor-panel {"name":"projects/dabzofb/sites/dabzzo-vendor-panel","defaultUrl":"https://dabzzo-vendor-panel.web.app","type":"USER_SITE"}
[debug] [2026-08-25T20:20:41.982Z] Checked if tokens are valid: true, expires at: 1787690553759
[debug] [2026-08-25T20:20:41.982Z] Checked if tokens are valid: true, expires at: 1787690553759
[debug] [2026-08-25T20:20:41.983Z] >>> [apiv2][query] POST https://firebasehosting.googleapis.com/v1beta1/projects/-/sites/dabzzo-vendor-panel/versions [none]
[debug] [2026-08-25T20:20:41.983Z] >>> [apiv2][body] POST https://firebasehosting.googleapis.com/v1beta1/projects/-/sites/dabzzo-vendor-panel/versions {"status":"CREATED","labels":{"deployment-tool":"cli-firebase"}}
[debug] [2026-08-25T20:20:41.984Z] <<< [apiv2][status] GET https://firebasehosting.googleapis.com/v1beta1/projects/dabzofb/sites/dabzzo-gig 200
[debug] [2026-08-25T20:20:41.984Z] <<< [apiv2][body] GET https://firebasehosting.googleapis.com/v1beta1/projects/dabzofb/sites/dabzzo-gig {"name":"projects/dabzofb/sites/dabzzo-gig","defaultUrl":"https://dabzzo-gig.web.app","type":"USER_SITE"}
[debug] [2026-08-25T20:20:41.984Z] Checked if tokens are valid: true, expires at: 1787690553759
[debug] [2026-08-25T20:20:41.984Z] Checked if tokens are valid: true, expires at: 1787690553759
[debug] [2026-08-25T20:20:41.985Z] >>> [apiv2][query] POST https://firebasehosting.googleapis.com/v1beta1/projects/-/sites/dabzzo-gig/versions [none]
[debug] [2026-08-25T20:20:41.985Z] >>> [apiv2][body] POST https://firebasehosting.googleapis.com/v1beta1/projects/-/sites/dabzzo-gig/versions {"status":"CREATED","labels":{"deployment-tool":"cli-firebase"}}
[debug] [2026-08-25T20:20:41.985Z] <<< [apiv2][status] GET https://firebasehosting.googleapis.com/v1beta1/projects/dabzofb/sites/dabzo 200
[debug] [2026-08-25T20:20:41.985Z] <<< [apiv2][body] GET https://firebasehosting.googleapis.com/v1beta1/projects/dabzofb/sites/dabzo {"name":"projects/dabzofb/sites/dabzo","defaultUrl":"https://dabzo.web.app","type":"USER_SITE"}
[debug] [2026-08-25T20:20:41.986Z] Checked if tokens are valid: true, expires at: 1787690553759
[debug] [2026-08-25T20:20:41.986Z] Checked if tokens are valid: true, expires at: 1787690553759
[debug] [2026-08-25T20:20:41.986Z] >>> [apiv2][query] POST https://firebasehosting.googleapis.com/v1beta1/projects/-/sites/dabzo/versions [none]
[debug] [2026-08-25T20:20:41.986Z] >>> [apiv2][body] POST https://firebasehosting.googleapis.com/v1beta1/projects/-/sites/dabzo/versions {"status":"CREATED","labels":{"deployment-tool":"cli-firebase"}}
[debug] [2026-08-25T20:20:43.124Z] <<< [apiv2][status] POST https://firebasehosting.googleapis.com/v1beta1/projects/-/sites/dabzzo-rider-panel/versions 200
[debug] [2026-08-25T20:20:43.124Z] <<< [apiv2][body] POST https://firebasehosting.googleapis.com/v1beta1/projects/-/sites/dabzzo-rider-panel/versions {"name":"projects/651368129597/sites/dabzzo-rider-panel/versions/d62f5ca7f3eb2ee6","status":"CREATED","config":{},"labels":{"deployment-tool":"cli-firebase"}}
[debug] [2026-08-25T20:20:43.252Z] <<< [apiv2][status] POST https://firebasehosting.googleapis.com/v1beta1/projects/-/sites/dabzzo-gig/versions 200
[debug] [2026-08-25T20:20:43.252Z] <<< [apiv2][body] POST https://firebasehosting.googleapis.com/v1beta1/projects/-/sites/dabzzo-gig/versions {"name":"projects/651368129597/sites/dabzzo-gig/versions/5f0bdaa17c5ca1ab","status":"CREATED","config":{},"labels":{"deployment-tool":"cli-firebase"}}
[debug] [2026-08-25T20:20:43.333Z] <<< [apiv2][status] POST https://firebasehosting.googleapis.com/v1beta1/projects/-/sites/dabzzo-vendor-panel/versions 200
[debug] [2026-08-25T20:20:43.333Z] <<< [apiv2][body] POST https://firebasehosting.googleapis.com/v1beta1/projects/-/sites/dabzzo-vendor-panel/versions {"name":"projects/651368129597/sites/dabzzo-vendor-panel/versions/7c7c32911f5eca42","status":"CREATED","config":{},"labels":{"deployment-tool":"cli-firebase"}}
[debug] [2026-08-25T20:20:43.495Z] <<< [apiv2][status] POST https://firebasehosting.googleapis.com/v1beta1/projects/-/sites/dabzo/versions 200
[debug] [2026-08-25T20:20:43.496Z] <<< [apiv2][body] POST https://firebasehosting.googleapis.com/v1beta1/projects/-/sites/dabzo/versions {"name":"projects/651368129597/sites/dabzo/versions/037d4eb342558306","status":"CREATED","config":{},"labels":{"deployment-tool":"cli-firebase"}}
[debug] [2026-08-25T20:20:43.627Z] <<< [apiv2][status] POST https://firebasehosting.googleapis.com/v1beta1/projects/-/sites/dabzzo-admin-panel/versions 200
[debug] [2026-08-25T20:20:43.627Z] <<< [apiv2][body] POST https://firebasehosting.googleapis.com/v1beta1/projects/-/sites/dabzzo-admin-panel/versions {"name":"projects/651368129597/sites/dabzzo-admin-panel/versions/5670237e0ed63c36","status":"CREATED","config":{},"labels":{"deployment-tool":"cli-firebase"}}
[info] i  hosting[dabzo]: beginning deploy... 
[info] i  hosting[dabzo]: found 188 files in apps/web-main/out 
[debug] [2026-08-25T20:20:43.645Z] [hosting] uploading with 200 concurrency
[debug] [2026-08-25T20:20:43.697Z] Checked if tokens are valid: true, expires at: 1787690553759
[debug] [2026-08-25T20:20:43.697Z] Checked if tokens are valid: true, expires at: 1787690553759
[debug] [2026-08-25T20:20:43.698Z] [hosting] hash cache [YXBwcy93ZWItbWFpbi9vdXQ] stored for 188 files
[debug] [2026-08-25T20:20:43.698Z] [hosting][hash queue][FINAL] {"max":50,"min":4,"avg":8.904255319148936,"active":0,"complete":188,"success":188,"errored":0,"retried":0,"total":188,"elapsed":53}
[debug] [2026-08-25T20:20:43.698Z] >>> [apiv2][query] POST https://firebasehosting.googleapis.com/v1beta1/projects/651368129597/sites/dabzo/versions/037d4eb342558306:populateFiles [none]
[debug] [2026-08-25T20:20:43.698Z] >>> [apiv2][body] POST https://firebasehosting.googleapis.com/v1beta1/projects/651368129597/sites/dabzo/versions/037d4eb342558306:populateFiles {"files":{"/sw.js":"e397764554b55257b886b4c20d8cc3ea19d5b4ad7572f927e37e2ec77e13a154","/track.txt":"c2f9bea9c1b20f06bdc4e7d97be4b5aa37e267ce51c7dfa4a3f6df69d0aae8fe","/register.txt":"55adb292f1c121288a4352d0ebc8e9c7bd78f38ca81f8f7df57feae35993001a","/support.html":"b98e927bf3594a0afa47cfe11528d6d9e6436397182c60d01b0358f1aea602ab","/rewards.html":"73064b4b4a76b44732afa4bf6797f919ce33ce5c5e86b50b0d0c6dc72f6b6bee","/track.html":"90b4839c2836c0e6db2fd4d7d89fbfd14f902318315fcb098942c07c58a36ca8","/manifest.json":"68eb39b9cd0a223eab7f7ee1b6a83ae41331e4e1cef127846aaf963bd22548ef","/register.html":"f2b75bd8728df26b2b86ad7640b14d5a9b7ad47d6c428f46c42ac3d9aa4cb327","/rewards.txt":"0e79670d009780cf96aaf27bc36e6c431db9fd26fca52108d0757b82ea0fd323","/main.txt":"764f5de1e16d788fac51d64e40b7d3b0c35c7c0a8ba5a46bf3b1972b52f1c7be","/support.txt":"6eaf4ddba298b81a97972d73b48ea7964df79ffa6418fea03a5b9b1b76a9333b","/profile.html":"a92d2dcea68ae427d629084f0e63bf64b899ff4abb77ef758d76c2336b36d2fc","/orders.txt":"eb02a4c04cad0ceb9c096d11ba7fb49a1e32d305aae76e4a447f9735dd2743ed","/orders.html":"bc666372ee92a53bf48f2320396a0dad8085d666d6da5219c3948e0574b8af10","/logo.png":"ee4e4e9b3efb20e003c4b2483b932989895b95479c925fc8ce8e9c5329541a89","/main.html":"df84aaa38e7c6064cc96edb8d3ed6034d04da97f243ae4a9b94748a89296bac1","/profile.txt":"454f6293515db8a76b28cb794111ae3b62498f4a962d2d6d1476387b8ef5bd63","/logo-white.png":"ee4e4e9b3efb20e003c4b2483b932989895b95479c925fc8ce8e9c5329541a89","/logo-orange.png":"254f7f66d8fd270f9d72a3de0432410e3218d2fce3d314e482e2bede7454f61a","/login.txt":"218215f6f4e9454f86b25822cae56379453ade98a7f524a980cb97eab744daae","/index.txt":"0f524e243dac21eaaf3e044d21df54b19ed6c683a2da158758b77c41c5707df1","/login.html":"f1371a059e7a5487cb79ce5d4d41f0a5565585d920bec9dae93cdadda650d728","/index.html":"20798425ed2767eb91c8c3b943d2f15c8ff2af3761894e946d735c7ffe4e0026","/firebase-messaging-sw.js":"157fd38d0c0b97ff8899e61fedf217348da0a122dbabb963ff561402c5c1290a","/dashboard.txt":"876c3777157c10549dbf731406fe75b1b78e722a16d460f1eff508f88eec4d3a","/icon-192.png":"466443ee5ad0cba9a97a69d315348b6d555265c492ab92a12a410c5b5d40bbf9","/dashboard.html":"8d223ce59b879aa8eadacce08a71ca07dbb999197874c000f7b040129a20eaa6","/favicon.ico":"9eaf90952061d65d1a323ee90378dd1b3aa2abb360b550b98f835f39f93f4be0","/__next._index.txt":"b73336ed06928596c1cbf71354279da9ef02b9bbaba55d4955827ac236b6649e","/__next._tree.txt":"5a0d6dcd5afcd7ca7eaa2372a608464b1d2520d541b1056dca753c9b8284061a","/_not-found.txt":"99257d59d55f7cdd1e0aa20711acfa3ff3e2ede8ce6817a04eb86d4ef7ba756a","/_not-found.html":"016c9ac04677814fd671d972c4ce155243fbac10f9cd92341482c39f79cc208f","/__next._head.txt":"075e0e0a52e7d84e41e32fc81a94b1913b63eb02a36b0001e677738c8a9e0af0","/__next._full.txt":"0f524e243dac21eaaf3e044d21df54b19ed6c683a2da158758b77c41c5707df1","/vendor/detail.txt":"43b06d6a93c95699cc090bae1ee916340981602965eef5fc06dc35abe0b2e3be","/vendor/detail/__next._index.txt":"b73336ed06928596c1cbf71354279da9ef02b9bbaba55d4955827ac236b6649e","/__next.__PAGE__.txt":"a1873e4f08d1234a1e1c9483027a7e40e6c9657b295c8f24dc0dff3035bba8c6","/vendor/detail/__next._tree.txt":"32bdf8f9eacb96d4b1398461286054c1067950e0d8cfd923a5b55e691babbf94","/vendor/detail/__next._head.txt":"075e0e0a52e7d84e41e32fc81a94b1913b63eb02a36b0001e677738c8a9e0af0","/404.html":"016c9ac04677814fd671d972c4ce155243fbac10f9cd92341482c39f79cc208f","/vendor/detail.html":"51b96e952f6b95eb7d34a68d30ba74e6d07d4e8e9819024ec1d8875312f32652","/logo-main-text.png":"32d72d0989441b87e317890a53df3b6ccbc12dd33b2e7086614d08d614c6071d","/logo-gold.png":"afe20cd106d2d89f89e30ecfc8f6f709cb4cb350bf2cfa7e7062389772419992","/logo-user.png":"3a06d46cc95ca431dbccd59ab8a6fccaac3435d7099b91aba84bb932ed6cca34","/icon-512.png":"b98196d574e53349a53bf9e25e4407c1e43fb7b5232a9892db6483fb7dfc157b","/vendor/detail/__next.!KHVzZXIp.vendor.detail.txt":"5286144186d60d42ccf70a92eb956809c455cd649ed503021a6e37aaa44087cf","/vendor/detail/__next.!KHVzZXIp.vendor.txt":"5286144186d60d42ccf70a92eb956809c455cd649ed503021a6e37aaa44087cf","/vendor/detail/__next.!KHVzZXIp.vendor.detail.__PAGE__.txt":"a2ae87801a8a4d36a8086f10aac5166bd57ace06a9f3e421aafcd23808aef1bf","/vendor/detail/__next.!KHVzZXIp.txt":"74de96505bc09c25cc89545a682d645c88b8e04b2fa30faff3dbd807d3e1c193","/track/__next._tree.txt":"0b80eb63654492b18d40a86b674700d56aa1ba8bd45078e063c366773ecb402f","/track/__next._head.txt":"075e0e0a52e7d84e41e32fc81a94b1913b63eb02a36b0001e677738c8a9e0af0","/vendor/detail/__next._full.txt":"43b06d6a93c95699cc090bae1ee916340981602965eef5fc06dc35abe0b2e3be","/track/__next.!KHVzZXIp.track.txt":"bfe27ec0f0788c0e854f58f5a414f5d66bab0ccb9f1eaf34e98eb836406e1e87","/track/__next._index.txt":"b73336ed06928596c1cbf71354279da9ef02b9bbaba55d4955827ac236b6649e","/track/__next.!KHVzZXIp.txt":"74de96505bc09c25cc89545a682d645c88b8e04b2fa30faff3dbd807d3e1c193","/track/__next.!KHVzZXIp.track.__PAGE__.txt":"118b995762153571ca649ddd3884ff893c2d1e00b15b3202e43604fd9b2dd046","/support/__next._tree.txt":"c406dd1090b35411d89814f7320753b1cea3429774721f7009894e28663f4c1e","/support/__next.!KHVzZXIp.txt":"74de96505bc09c25cc89545a682d645c88b8e04b2fa30faff3dbd807d3e1c193","/support/__next._index.txt":"b73336ed06928596c1cbf71354279da9ef02b9bbaba55d4955827ac236b6649e","/support/__next._head.txt":"075e0e0a52e7d84e41e32fc81a94b1913b63eb02a36b0001e677738c8a9e0af0","/rewards/__next._tree.txt":"f5eaab316c024facc0abbf62c0ac4bcd7991e038abca89b6b6537ccb5a3cd1e1","/support/__next.!KHVzZXIp.support.txt":"5286144186d60d42ccf70a92eb956809c455cd649ed503021a6e37aaa44087cf","/support/__next.!KHVzZXIp.support.__PAGE__.txt":"3299a54a910cb05d3882e03693137d554b8a9991a7c0ddd34b69b31ea9ac7edf","/track/__next._full.txt":"c2f9bea9c1b20f06bdc4e7d97be4b5aa37e267ce51c7dfa4a3f6df69d0aae8fe","/rewards/__next._head.txt":"075e0e0a52e7d84e41e32fc81a94b1913b63eb02a36b0001e677738c8a9e0af0","/support/__next._full.txt":"6eaf4ddba298b81a97972d73b48ea7964df79ffa6418fea03a5b9b1b76a9333b","/rewards/__next._index.txt":"b73336ed06928596c1cbf71354279da9ef02b9bbaba55d4955827ac236b6649e","/rewards/__next.!KHVzZXIp.rewards.txt":"5286144186d60d42ccf70a92eb956809c455cd649ed503021a6e37aaa44087cf","/rewards/__next.!KHVzZXIp.rewards.__PAGE__.txt":"a870460dcf71f506f6877dbeeb051ba55a956161dad5c0c4c5cdd4ea4fbf544e","/rewards/__next.!KHVzZXIp.txt":"74de96505bc09c25cc89545a682d645c88b8e04b2fa30faff3dbd807d3e1c193","/register/__next._tree.txt":"232ae0a9cc5fa07a72a4609acff5f2f48c98d90de94d51ec08ea8e16b42a5b0f","/logo-main.png":"ae97e10305165cad2052f1f9855f5e33a65259a6fcfa8b16928e70cc0f76da81","/rewards/__next._full.txt":"0e79670d009780cf96aaf27bc36e6c431db9fd26fca52108d0757b82ea0fd323","/register/__next._head.txt":"075e0e0a52e7d84e41e32fc81a94b1913b63eb02a36b0001e677738c8a9e0af0","/register/__next.!KGF1dGgp.txt":"899d96d70b70aacb3525cfeb8f312786c7df255091b24a6091c7514b62c3a398","/register/__next._index.txt":"b73336ed06928596c1cbf71354279da9ef02b9bbaba55d4955827ac236b6649e","/register/__next.!KGF1dGgp.register.__PAGE__.txt":"3f4fd70851eb620e658f30d896c6de1d5d1d1d35af21836a3547b987ca32438a","/profile/__next._tree.txt":"c88198175f190042801a277f11391527da63f66315091aff3ee1b5b9545da934","/register/__next.!KGF1dGgp.register.txt":"5286144186d60d42ccf70a92eb956809c455cd649ed503021a6e37aaa44087cf","/profile/__next._head.txt":"075e0e0a52e7d84e41e32fc81a94b1913b63eb02a36b0001e677738c8a9e0af0","/profile/__next._index.txt":"b73336ed06928596c1cbf71354279da9ef02b9bbaba55d4955827ac236b6649e","/register/__next._full.txt":"55adb292f1c121288a4352d0ebc8e9c7bd78f38ca81f8f7df57feae35993001a","/profile/__next.!KHVzZXIp.profile.txt":"5286144186d60d42ccf70a92eb956809c455cd649ed503021a6e37aaa44087cf","/profile/__next.!KHVzZXIp.txt":"74de96505bc09c25cc89545a682d645c88b8e04b2fa30faff3dbd807d3e1c193","/orders/__next._tree.txt":"47fa183a90786d08e0a05ef9c7e1e9a4124baa3d668eebddbe7a92f35c5314e3","/profile/__next.!KHVzZXIp.profile.__PAGE__.txt":"ef42762bbecf785ba2425e578073e3b6d0824cf5062c21c7881f6ece5fbad837","/profile/__next._full.txt":"454f6293515db8a76b28cb794111ae3b62498f4a962d2d6d1476387b8ef5bd63","/orders/__next._index.txt":"b73336ed06928596c1cbf71354279da9ef02b9bbaba55d4955827ac236b6649e","/orders/__next._head.txt":"075e0e0a52e7d84e41e32fc81a94b1913b63eb02a36b0001e677738c8a9e0af0","/orders/__next.!KHVzZXIp.txt":"74de96505bc09c25cc89545a682d645c88b8e04b2fa30faff3dbd807d3e1c193","/orders/__next._full.txt":"eb02a4c04cad0ceb9c096d11ba7fb49a1e32d305aae76e4a447f9735dd2743ed","/icon.png":"21297bcd73e25cc4a96472d21337d0c6b254e89586595099ee2589d67b2c7c04","/orders/__next.!KHVzZXIp.orders.txt":"5286144186d60d42ccf70a92eb956809c455cd649ed503021a6e37aaa44087cf","/main/__next.main.txt":"5286144186d60d42ccf70a92eb956809c455cd649ed503021a6e37aaa44087cf","/orders/__next.!KHVzZXIp.orders.__PAGE__.txt":"85bfdfd6b73e5a96d4e7c2fd40567c235ae78fc03d78a718da5c85e791cb834e","/main/__next.main.__PAGE__.txt":"d89da4f924c12ea10ac14befd4c6465d6b6b5c2d3b679dec07d1860f52bc9575","/main/__next._tree.txt":"7aac73e2b9187c1103be40a354bbabc01c4a489cba07dd093822c6b635313479","/main/__next._head.txt":"075e0e0a52e7d84e41e32fc81a94b1913b63eb02a36b0001e677738c8a9e0af0","/login/__next._tree.txt":"4ded0b39d6607b24eee338eec5a8de9af14d9201265b206bfd0f2b4f63fcee82","/main/__next._index.txt":"b73336ed06928596c1cbf71354279da9ef02b9bbaba55d4955827ac236b6649e","/main/__next._full.txt":"764f5de1e16d788fac51d64e40b7d3b0c35c7c0a8ba5a46bf3b1972b52f1c7be","/login/__next._head.txt":"075e0e0a52e7d84e41e32fc81a94b1913b63eb02a36b0001e677738c8a9e0af0","/login/__next.!KGF1dGgp.txt":"899d96d70b70aacb3525cfeb8f312786c7df255091b24a6091c7514b62c3a398","/login/__next.!KGF1dGgp.login.txt":"5286144186d60d42ccf70a92eb956809c455cd649ed503021a6e37aaa44087cf","/login/__next.!KGF1dGgp.login.__PAGE__.txt":"72f80040a750ddc3382e68e7a6bb89bf2b0e8c54de1a3e7da008368a727357ad","/dashboard/__next._tree.txt":"3e330d30aa9c9b74bce8bab5dc059b80bac192ead76a9685ba0e43e80f22099b","/dashboard/__next._head.txt":"075e0e0a52e7d84e41e32fc81a94b1913b63eb02a36b0001e677738c8a9e0af0","/login/__next._index.txt":"b73336ed06928596c1cbf71354279da9ef02b9bbaba55d4955827ac236b6649e","/dashboard/__next._index.txt":"b73336ed06928596c1cbf71354279da9ef02b9bbaba55d4955827ac236b6649e","/dashboard/__next.!KHVzZXIp.dashboard.txt":"5286144186d60d42ccf70a92eb956809c455cd649ed503021a6e37aaa44087cf","/dashboard/__next.!KHVzZXIp.txt":"74de96505bc09c25cc89545a682d645c88b8e04b2fa30faff3dbd807d3e1c193","/dashboard/__next._full.txt":"876c3777157c10549dbf731406fe75b1b78e722a16d460f1eff508f88eec4d3a","/login/__next._full.txt":"218215f6f4e9454f86b25822cae56379453ade98a7f524a980cb97eab744daae","/_not-found/__next._tree.txt":"7853e4c287bc4bb8a68bea4ccd04762e597fce7ef738e928edaa61c169b1f8a5","/dashboard/__next.!KHVzZXIp.dashboard.__PAGE__.txt":"db262c0a2aba69ecda02f8c2f7b0bbd172e88f7989b0aed7e3dc8a4955c69cb3","/_not-found/__next._not-found.txt":"5286144186d60d42ccf70a92eb956809c455cd649ed503021a6e37aaa44087cf","/_not-found/__next._not-found.__PAGE__.txt":"95afd8ee6d0631ba31f8fe5f684a0e059298ec889ea21d8e1cad2e5715a7fad1","/_not-found/__next._head.txt":"3d5c2fd56209fb16b054a4f268ca1a9ebdc5296957043055cdfa48f385f7cede","/_not-found/__next._index.txt":"b73336ed06928596c1cbf71354279da9ef02b9bbaba55d4955827ac236b6649e","/_next/static/media/marker-icon.0i9~u_difxrfa.png":"abf202b4320f8ad8f49b4539646ca5229f5d22c7646d5cbe1330608dc9707c0b","/_next/static/media/layers.1220hx8ja1.sy.png":"936eb9d3b0358fcf2574e08cdb851ba88993f01079d60f78249124da2c345970","/_next/static/media/layers-2x.0olxl6i2vnf_c.png":"2375c6a391f52637357b5a47e32a68f1487c9d1093a432e75b2c90b3d4e92e3f","/_not-found/__next._full.txt":"99257d59d55f7cdd1e0aa20711acfa3ff3e2ede8ce6817a04eb86d4ef7ba756a","/_next/static/chunks/1678~4ntqaa8a.js":"fd021e7813fc55414522d8c89b18b92758efa28039cefd1b8c0da1cf5936d1ba","/_next/static/chunks/turbopack-08fy-.wddur6n.js":"095b2932ac2b9a2f7970ed55e341c31afda4d733cb38e5fcb8237b3c22c619a1","/_next/static/chunks/14ivlthcl7ok_.js":"9c1162ed372640df8e0c5a8ba52a8af89a082a7164ee7a2e7b8379dd28f4efe9","/_next/static/chunks/159.t741bijgm.js":"1b5ab2c9b607390fa41021f65cd478d925338817990f73f307f49c87a96a7ab7","/_next/static/chunks/12f7enci~3m55.js":"fcfb6e320dd8fd222fb92848c2ca8465858723361a187ed009e490936e285e6b","/_next/static/chunks/11~8sz9rauo58.js":"5e34357762ec2775ff7ee2c491b56aa3c012398c10181d2da74c57cf2ef76fa4","/_next/static/chunks/12bk0tj~ynv.s.js":"0eaebbdf9f3c7b28a487dc04887e0b30381f77dcaaf275eb8e9861ed86cf57d3","/_next/static/chunks/13m7yl6-_wlft.js":"3daae74c3aa64bfbb614e7ad96ac0e91495f085e0d813a60d600dac807447cab","/_next/static/chunks/10dlco-3uvp4e.js":"090761b0a0a1d1371fe75159069fbd2291e9feb7d39c6ade6e51a270b5a6bd05","/_next/static/chunks/0~6e245fd2gw8.js":"440ddc02e805af2e50e1a0cc271e72ce98a8be78743b4ef181fd7382f8418a30","/_next/static/chunks/0xm8dojziq_qg.js":"3938efd06b8c4ff7d863be9d179b1a52fdf49f0b0584e35ad99e7fb43753b4c2","/_next/static/chunks/0y8r90f38bvq_.js":"8c25f72e72b5af2e4786dedc9a672a73375a73780efc0de899e3c78358d7c265","/_next/static/chunks/0wjkzxizkxder.js":"bc40ab864ea306383696c78a83a168345006461fef3d162dc0552bf8a4a81966","/_next/static/chunks/0v0y7_hl5vzz7.js":"cad13f277b5f5ceab9c66f20e05dad3abb26fe2e9592bf526bbdac1ead1ae92c","/_next/static/chunks/0ubcc83hiigyo.js":"0282199abaafa5440b03c17dd0b7d3a6db89a5157bb02ee4af5ad56ffdb6ed5f","/_next/static/chunks/0t48hzs_6fshe.css":"2fd1112dd452ebc2b97ee903abae159422cf65f2e1bdc51c43765d1c1f4a6529","/_next/static/chunks/0s2jx1s~bsf-3.js":"3be976a5884cdcd0c671d4eb7b46d411a054d151515a55528633e3332b0e439c","/_next/static/chunks/0ux5uq~j5i_g9.js":"212e3ac3f0c1eab22364a0f4dcd13c352f92a50b55ba7910e416bb7f08be4a22","/_next/static/chunks/0vb~-xt9qk7.z.js":"092f7dd53cfc3eaf6b09d44eaee60896745ca4ed7e3cda5104bf3f66b1340f7a","/_next/static/chunks/0uqsffy1h38ih.js":"2a79102096c776a4d2754e8c49dad5faa87342c7605fb97a8720112da814835f","/_next/static/chunks/0ph9tk36nq3ye.js":"e9cd96f6911323a74c05c21f9933fb8377d1a78f6cd8bf22d59bd8357010e500","/_next/static/chunks/0n0yys30~-yf3.js":"5f43558a47a6080b5056847dd784b789b9f493757180b84208877c831f9610a0","/_next/static/chunks/0qo5bjfx4clwz.js":"77b2c23091bac981e5f2869a49c0976a0073e64f7a1b63af4b8e805286e8c243","/_next/static/chunks/0kiffefqnww_p.js":"48692db28fa8cdc96e196a97d6674676e115662803583b8d931cba8a15ba064c","/_next/static/chunks/0hdr~ujqt94cd.js":"3169909d66717781bf4d2074e48d5ec613d56fde5f03c453958f5782ae361e09","/_next/static/chunks/0fry8scm1cwir.js":"2b76ccb70d83ff3918a5f24a211d9c2d892e2ea12d23c6f1c80597864336b0b3","/_next/static/chunks/0fuebvd4h-0g2.js":"253dbad7b392f5f2f28d921ff338b790ee717b8c331cc4b27bb22f7c13e3046d","/_next/static/chunks/0fgxxoe48xpy9.js":"25c0ef5dc1326182d0d240ed1176e985ad0bd04d599454aa14798e5450887f28","/_next/static/chunks/0h7phv6-t104u.js":"bf524b4dfdfdea802d8115345f4133586094a4a3c46eee140d0ed1b4393abffa","/assets/dabzzo-logo.png":"ae97e10305165cad2052f1f9855f5e33a65259a6fcfa8b16928e70cc0f76da81","/_next/static/chunks/0jex4i~yn2s2q.js":"73d79a6ff5e814733766eaac9a1111362a48ac6784adeef4dc562065167fe795","/_next/static/chunks/0elpfu7d_lokd.js":"869f1d02d955abde1a1f4ed9cb06a832bc5c0c15d2bd8994f4e21dce4be5bc9b","/_next/static/chunks/0bdaoaj7oeimy.js":"0af1f215c119e18f6159cc7f61562f91e7c59ed2da7768b01dd5c1718b6128d9","/_next/static/chunks/0d~xjsi-nhyu4.js":"37b91c04a05b7551df60bbfccf4f178163845c34ab559193a9eb5e9817883cd5","/_next/static/chunks/0_rb4vaivlzml.js":"b16baef9da473da267b263c7cb3441c77fb45b6a10cd3b703be9fe987989316f","/_next/static/chunks/06q0b_rvb7b9n.js":"9fd67127984ced93584c6774f6fca0602a4a86caa1097fa14f61f97f9ec77e42","/_next/static/chunks/0ayvc80t7za1x.js":"d2b460f3a6c3742692ab47e13efc1a03d96ae85f6e55f404e02528bee74977e0","/_next/static/chunks/05yyy44p7mqo2.js":"1905fb4bfaa0ae6c8f6138df66c5ef88624dfa91514bf85ba548c70d63d7fb43","/_next/static/chunks/0877_kdwyh1qc.js":"f094214c80348c3151080824aadd44975eabad484f589275dc54d1777dd46f94","/_next/static/chunks/07dkogb92nx-m.js":"d4ee389d78e87c86eb529bef450ca94e41b32ef7aa92d9f7b308cd55459c3d53","/_next/static/chunks/0445l8tw-5py..js":"a9d72878633667a98065edee462ca0cf279d1b3ba845a2464f01e94e2eea534d","/_next/static/chunks/03q8n5r9to2d7.js":"36742115a9c221243d098c82b445719d5061804a93481ac8779e73ad14b7906c","/_next/static/chunks/0wnei0b_u-i2_.js":"02a865859dbb40bbae5d20fd657ef7cfd075b1d0daca2dc6e02e4272c79e96ac","/_next/static/chunks/03p9.d40dsiys.js":"6c1f42bfc20a32f3e15899717f1c93bc314ba94cf4cb18856c1b97c2db3e6ac8","/_next/static/chunks/01tx_irl~_w2c.js":"d6016053dd3122a14ab981f34d06b93113f3447ba8ada90f8e4218e2998fb181","/_next/static/chunks/07fxglkru40.~.js":"81f663d5c099c503bc2ffc4b80c0a42c65e325aa6ad4c6f08fe3a95473fdeaca","/_next/static/chunks/01rp.d5zkqyup.js":"a983a41066e8edbd69f768f06a2c5f9c93205f8c4127057fbe572a6063179d36","/_next/static/chunks/019_g0j1xdm63.js":"aacf93267f3c6383b3b770f704271132a7c2f75b58d439df5ac5d16e889edde1","/_next/static/chunks/0.cb1-tp4.es4.js":"d4d431e3cd22f887fdbb743d559379ed881df020581f9b855c3ad724217ee0f3","/_next/static/chunks/0-j8m7qrq3x8_.js":"36d1d9b819497c61f225506a4048ba8b210692f99fb7fb8316be04c8a12ea384","/_next/static/chunks/0f.p62obrij2m.css":"256199a39efcd092dace44bdeabd01ea2cf3e431b2ce881ad1956c68dfcd7048","/_next/static/media/icon.0oow~567ewd8a.png":"21297bcd73e25cc4a96472d21337d0c6b254e89586595099ee2589d67b2c7c04","/_next/static/DpZvH9FtMQcpAvxZOcwcz/_ssgManifest.js":"02dbc1aeab6ef0a6ff2ff9a1643158cf9bb38929945eaa343a3627dee9ba6778","/_next/static/DpZvH9FtMQcpAvxZOcwcz/_clientMiddlewareManifest.js":"6d11db5e193c415f8cf354dbb08c8ee64036754b4b703f19e5c9eb9141f79b89","/_next/static/DpZvH9FtMQcpAvxZOcwcz/_buildManifest.js":"615bff88115b95e28f767491701e61ecffa7e94106127d229aa17a5905c320ed","/_next/static/chunks/0sg-gjmq14q1j.js":"b2a055b57a89e6c6d78b97bb8d17df43dd133db66127a86319faf6152e4bc8f6","/_next/static/chunks/03~yq9q893hmn.js":"bea630d9824beca22855271c757404b58bb7b410c52a5e7d58d69ff26d9ddd0b","/_next/static/chunks/0o_urckcz21w_.js":"fef1f0b3d5e71041108ea4f9dcdbc08c859210092c5cd7862d5cf68969627d49","/_next/static/chunks/04l3yscgudkl-.js":"b34da358df5604c23bf4bde6a5827b50c817d78fd42990dbf28543b6b6cba9d6","/_next/static/chunks/0li272illtg9a.js":"aab5c04eb54accf3b8d72831fb452e0a13d33e794cf8befa7e51022ab681995f","/_next/static/chunks/0o--u-.s-p5vi.js":"1573482533f8ab459026c37ac6f924ddd2533e68a3a089d2353d082ac7cb1de7","/_next/static/chunks/115dqe~g6c5ut.js":"af09f529f5d895178111e4555c72ea650664e4d6d5ee89192be7a3d857090a32","/dabzzo_tiffin_box.png":"4ba3ba719480ca78d854b258823febc842841f9b1ff32f72bbcef2b5b5cfa9f5","/dabzzo_kitchen_partner.png":"a45931dcdea478ae6c752ec2950bc8510484fd6dfa4ad1c6220883c27ebe6e69","/dabzzo_delivery_rider.png":"822cd8f606c78d6211d1fa57f95156b0527000ae50e54b8d929cf0a1ba953721"}}
[debug] [2026-08-25T20:20:45.041Z] <<< [apiv2][status] POST https://firebasehosting.googleapis.com/v1beta1/projects/651368129597/sites/dabzo/versions/037d4eb342558306:populateFiles 200
[debug] [2026-08-25T20:20:45.042Z] <<< [apiv2][body] POST https://firebasehosting.googleapis.com/v1beta1/projects/651368129597/sites/dabzo/versions/037d4eb342558306:populateFiles {"uploadRequiredHashes":["74de96505bc09c25cc89545a682d645c88b8e04b2fa30faff3dbd807d3e1c193","5286144186d60d42ccf70a92eb956809c455cd649ed503021a6e37aaa44087cf","a2ae87801a8a4d36a8086f10aac5166bd57ace06a9f3e421aafcd23808aef1bf","016c9ac04677814fd671d972c4ce155243fbac10f9cd92341482c39f79cc208f","7aac73e2b9187c1103be40a354bbabc01c4a489cba07dd093822c6b635313479","85bfdfd6b73e5a96d4e7c2fd40567c235ae78fc03d78a718da5c85e791cb834e","db262c0a2aba69ecda02f8c2f7b0bbd172e88f7989b0aed7e3dc8a4955c69cb3","0b80eb63654492b18d40a86b674700d56aa1ba8bd45078e063c366773ecb402f","232ae0a9cc5fa07a72a4609acff5f2f48c98d90de94d51ec08ea8e16b42a5b0f","d89da4f924c12ea10ac14befd4c6465d6b6b5c2d3b679dec07d1860f52bc9575","43b06d6a93c95699cc090bae1ee916340981602965eef5fc06dc35abe0b2e3be","ef42762bbecf785ba2425e578073e3b6d0824cf5062c21c7881f6ece5fbad837","b73336ed06928596c1cbf71354279da9ef02b9bbaba55d4955827ac236b6649e","73064b4b4a76b44732afa4bf6797f919ce33ce5c5e86b50b0d0c6dc72f6b6bee","0f524e243dac21eaaf3e044d21df54b19ed6c683a2da158758b77c41c5707df1","c406dd1090b35411d89814f7320753b1cea3429774721f7009894e28663f4c1e","899d96d70b70aacb3525cfeb8f312786c7df255091b24a6091c7514b62c3a398","72f80040a750ddc3382e68e7a6bb89bf2b0e8c54de1a3e7da008368a727357ad","256199a39efcd092dace44bdeabd01ea2cf3e431b2ce881ad1956c68dfcd7048","075e0e0a52e7d84e41e32fc81a94b1913b63eb02a36b0001e677738c8a9e0af0","876c3777157c10549dbf731406fe75b1b78e722a16d460f1eff508f88eec4d3a","c2f9bea9c1b20f06bdc4e7d97be4b5aa37e267ce51c7dfa4a3f6df69d0aae8fe","b98e927bf3594a0afa47cfe11528d6d9e6436397182c60d01b0358f1aea602ab","95afd8ee6d0631ba31f8fe5f684a0e059298ec889ea21d8e1cad2e5715a7fad1","3e330d30aa9c9b74bce8bab5dc059b80bac192ead76a9685ba0e43e80f22099b","48692db28fa8cdc96e196a97d6674676e115662803583b8d931cba8a15ba064c","118b995762153571ca649ddd3884ff893c2d1e00b15b3202e43604fd9b2dd046","99257d59d55f7cdd1e0aa20711acfa3ff3e2ede8ce6817a04eb86d4ef7ba756a","bfe27ec0f0788c0e854f58f5a414f5d66bab0ccb9f1eaf34e98eb836406e1e87","55adb292f1c121288a4352d0ebc8e9c7bd78f38ca81f8f7df57feae35993001a","51b96e952f6b95eb7d34a68d30ba74e6d07d4e8e9819024ec1d8875312f32652","a92d2dcea68ae427d629084f0e63bf64b899ff4abb77ef758d76c2336b36d2fc","f1371a059e7a5487cb79ce5d4d41f0a5565585d920bec9dae93cdadda650d728","eb02a4c04cad0ceb9c096d11ba7fb49a1e32d305aae76e4a447f9735dd2743ed","4ded0b39d6607b24eee338eec5a8de9af14d9201265b206bfd0f2b4f63fcee82","df84aaa38e7c6064cc96edb8d3ed6034d04da97f243ae4a9b94748a89296bac1","90b4839c2836c0e6db2fd4d7d89fbfd14f902318315fcb098942c07c58a36ca8","e9cd96f6911323a74c05c21f9933fb8377d1a78f6cd8bf22d59bd8357010e500","3f4fd70851eb620e658f30d896c6de1d5d1d1d35af21836a3547b987ca32438a","764f5de1e16d788fac51d64e40b7d3b0c35c7c0a8ba5a46bf3b1972b52f1c7be","f2b75bd8728df26b2b86ad7640b14d5a9b7ad47d6c428f46c42ac3d9aa4cb327","a1873e4f08d1234a1e1c9483027a7e40e6c9657b295c8f24dc0dff3035bba8c6","0e79670d009780cf96aaf27bc36e6c431db9fd26fca52108d0757b82ea0fd323","47fa183a90786d08e0a05ef9c7e1e9a4124baa3d668eebddbe7a92f35c5314e3","fcfb6e320dd8fd222fb92848c2ca8465858723361a187ed009e490936e285e6b","20798425ed2767eb91c8c3b943d2f15c8ff2af3761894e946d735c7ffe4e0026","7853e4c287bc4bb8a68bea4ccd04762e597fce7ef738e928edaa61c169b1f8a5","81f663d5c099c503bc2ffc4b80c0a42c65e325aa6ad4c6f08fe3a95473fdeaca","a870460dcf71f506f6877dbeeb051ba55a956161dad5c0c4c5cdd4ea4fbf544e","bc666372ee92a53bf48f2320396a0dad8085d666d6da5219c3948e0574b8af10","3d5c2fd56209fb16b054a4f268ca1a9ebdc5296957043055cdfa48f385f7cede","6eaf4ddba298b81a97972d73b48ea7964df79ffa6418fea03a5b9b1b76a9333b","3299a54a910cb05d3882e03693137d554b8a9991a7c0ddd34b69b31ea9ac7edf","5a0d6dcd5afcd7ca7eaa2372a608464b1d2520d541b1056dca753c9b8284061a","c88198175f190042801a277f11391527da63f66315091aff3ee1b5b9545da934","f5eaab316c024facc0abbf62c0ac4bcd7991e038abca89b6b6537ccb5a3cd1e1","8d223ce59b879aa8eadacce08a71ca07dbb999197874c000f7b040129a20eaa6","218215f6f4e9454f86b25822cae56379453ade98a7f524a980cb97eab744daae","454f6293515db8a76b28cb794111ae3b62498f4a962d2d6d1476387b8ef5bd63","32bdf8f9eacb96d4b1398461286054c1067950e0d8cfd923a5b55e691babbf94"],"uploadUrl":"https://upload-firebasehosting.googleapis.com/upload/sites/dabzo/versions/037d4eb342558306/files"}
[debug] [2026-08-25T20:20:45.042Z] Checked if tokens are valid: true, expires at: 1787690553759
[debug] [2026-08-25T20:20:45.042Z] Checked if tokens are valid: true, expires at: 1787690553759
[debug] [2026-08-25T20:20:45.042Z] Checked if tokens are valid: true, expires at: 1787690553759
[debug] [2026-08-25T20:20:45.042Z] Checked if tokens are valid: true, expires at: 1787690553759
[debug] [2026-08-25T20:20:45.042Z] Checked if tokens are valid: true, expires at: 1787690553759
[debug] [2026-08-25T20:20:45.042Z] Checked if tokens are valid: true, expires at: 1787690553759
[debug] [2026-08-25T20:20:45.042Z] Checked if tokens are valid: true, expires at: 1787690553759
[debug] [2026-08-25T20:20:45.042Z] Checked if tokens are valid: true, expires at: 1787690553759
[debug] [2026-08-25T20:20:45.042Z] Checked if tokens are valid: true, expires at: 1787690553759
[debug] [2026-08-25T20:20:45.042Z] Checked if tokens are valid: true, expires at: 1787690553759
[debug] [2026-08-25T20:20:45.042Z] Checked if tokens are valid: true, expires at: 1787690553759
[debug] [2026-08-25T20:20:45.042Z] Checked if tokens are valid: true, expires at: 1787690553759
[debug] [2026-08-25T20:20:45.042Z] Checked if tokens are valid: true, expires at: 1787690553759
[debug] [2026-08-25T20:20:45.042Z] Checked if tokens are valid: true, expires at: 1787690553759
[debug] [2026-08-25T20:20:45.042Z] Checked if tokens are valid: true, expires at: 1787690553759
[debug] [2026-08-25T20:20:45.042Z] Checked if tokens are valid: true, expires at: 1787690553759
[debug] [2026-08-25T20:20:45.042Z] Checked if tokens are valid: true, expires at: 1787690553759
[debug] [2026-08-25T20:20:45.042Z] Checked if tokens are valid: true, expires at: 1787690553759
[debug] [2026-08-25T20:20:45.042Z] Checked if tokens are valid: true, expires at: 1787690553759
[debug] [2026-08-25T20:20:45.042Z] Checked if tokens are valid: true, expires at: 1787690553759
[debug] [2026-08-25T20:20:45.042Z] Checked if tokens are valid: true, expires at: 1787690553759
[debug] [2026-08-25T20:20:45.042Z] Checked if tokens are valid: true, expires at: 1787690553759
[debug] [2026-08-25T20:20:45.042Z] Checked if tokens are valid: true, expires at: 1787690553759
[debug] [2026-08-25T20:20:45.042Z] Checked if tokens are valid: true, expires at: 1787690553759
[debug] [2026-08-25T20:20:45.042Z] Checked if tokens are valid: true, expires at: 1787690553759
[debug] [2026-08-25T20:20:45.042Z] Checked if tokens are valid: true, expires at: 1787690553759
[debug] [2026-08-25T20:20:45.042Z] Checked if tokens are valid: true, expires at: 1787690553759
[debug] [2026-08-25T20:20:45.042Z] Checked if tokens are valid: true, expires at: 1787690553759
[debug] [2026-08-25T20:20:45.042Z] Checked if tokens are valid: true, expires at: 1787690553759
[debug] [2026-08-25T20:20:45.042Z] Checked if tokens are valid: true, expires at: 1787690553759
[debug] [2026-08-25T20:20:45.043Z] Checked if tokens are valid: true, expires at: 1787690553759
[debug] [2026-08-25T20:20:45.043Z] Checked if tokens are valid: true, expires at: 1787690553759
[debug] [2026-08-25T20:20:45.043Z] Checked if tokens are valid: true, expires at: 1787690553759
[debug] [2026-08-25T20:20:45.043Z] Checked if tokens are valid: true, expires at: 1787690553759
[debug] [2026-08-25T20:20:45.043Z] Checked if tokens are valid: true, expires at: 1787690553759
[debug] [2026-08-25T20:20:45.043Z] Checked if tokens are valid: true, expires at: 1787690553759
[debug] [2026-08-25T20:20:45.043Z] Checked if tokens are valid: true, expires at: 1787690553759
[debug] [2026-08-25T20:20:45.043Z] Checked if tokens are valid: true, expires at: 1787690553759
[debug] [2026-08-25T20:20:45.043Z] Checked if tokens are valid: true, expires at: 1787690553759
[debug] [2026-08-25T20:20:45.043Z] Checked if tokens are valid: true, expires at: 1787690553759
[debug] [2026-08-25T20:20:45.043Z] Checked if tokens are valid: true, expires at: 1787690553759
[debug] [2026-08-25T20:20:45.043Z] Checked if tokens are valid: true, expires at: 1787690553759
[debug] [2026-08-25T20:20:45.043Z] Checked if tokens are valid: true, expires at: 1787690553759
[debug] [2026-08-25T20:20:45.044Z] Checked if tokens are valid: true, expires at: 1787690553759
[debug] [2026-08-25T20:20:45.044Z] Checked if tokens are valid: true, expires at: 1787690553759
[debug] [2026-08-25T20:20:45.044Z] Checked if tokens are valid: true, expires at: 1787690553759
[debug] [2026-08-25T20:20:45.044Z] Checked if tokens are valid: true, expires at: 1787690553759
[debug] [2026-08-25T20:20:45.044Z] Checked if tokens are valid: true, expires at: 1787690553759
[debug] [2026-08-25T20:20:45.044Z] Checked if tokens are valid: true, expires at: 1787690553759
[debug] [2026-08-25T20:20:45.044Z] Checked if tokens are valid: true, expires at: 1787690553759
[debug] [2026-08-25T20:20:45.044Z] Checked if tokens are valid: true, expires at: 1787690553759
[debug] [2026-08-25T20:20:45.044Z] Checked if tokens are valid: true, expires at: 1787690553759
[debug] [2026-08-25T20:20:45.044Z] Checked if tokens are valid: true, expires at: 1787690553759
[debug] [2026-08-25T20:20:45.044Z] Checked if tokens are valid: true, expires at: 1787690553759
[debug] [2026-08-25T20:20:45.044Z] Checked if tokens are valid: true, expires at: 1787690553759
[debug] [2026-08-25T20:20:45.044Z] Checked if tokens are valid: true, expires at: 1787690553759
[debug] [2026-08-25T20:20:45.044Z] Checked if tokens are valid: true, expires at: 1787690553759
[debug] [2026-08-25T20:20:45.044Z] Checked if tokens are valid: true, expires at: 1787690553759
[debug] [2026-08-25T20:20:45.044Z] Checked if tokens are valid: true, expires at: 1787690553759
[debug] [2026-08-25T20:20:45.044Z] Checked if tokens are valid: true, expires at: 1787690553759
[debug] [2026-08-25T20:20:45.044Z] Checked if tokens are valid: true, expires at: 1787690553759
[debug] [2026-08-25T20:20:45.044Z] Checked if tokens are valid: true, expires at: 1787690553759
[debug] [2026-08-25T20:20:45.044Z] Checked if tokens are valid: true, expires at: 1787690553759
[debug] [2026-08-25T20:20:45.044Z] Checked if tokens are valid: true, expires at: 1787690553759
[debug] [2026-08-25T20:20:45.044Z] Checked if tokens are valid: true, expires at: 1787690553759
[debug] [2026-08-25T20:20:45.044Z] Checked if tokens are valid: true, expires at: 1787690553759
[debug] [2026-08-25T20:20:45.044Z] Checked if tokens are valid: true, expires at: 1787690553759
[debug] [2026-08-25T20:20:45.045Z] Checked if tokens are valid: true, expires at: 1787690553759
[debug] [2026-08-25T20:20:45.045Z] Checked if tokens are valid: true, expires at: 1787690553759
[debug] [2026-08-25T20:20:45.045Z] Checked if tokens are valid: true, expires at: 1787690553759
[debug] [2026-08-25T20:20:45.045Z] Checked if tokens are valid: true, expires at: 1787690553759
[debug] [2026-08-25T20:20:45.045Z] Checked if tokens are valid: true, expires at: 1787690553759
[debug] [2026-08-25T20:20:45.045Z] Checked if tokens are valid: true, expires at: 1787690553759
[debug] [2026-08-25T20:20:45.045Z] Checked if tokens are valid: true, expires at: 1787690553759
[debug] [2026-08-25T20:20:45.045Z] Checked if tokens are valid: true, expires at: 1787690553759
[debug] [2026-08-25T20:20:45.045Z] Checked if tokens are valid: true, expires at: 1787690553759
[debug] [2026-08-25T20:20:45.045Z] Checked if tokens are valid: true, expires at: 1787690553759
[debug] [2026-08-25T20:20:45.045Z] Checked if tokens are valid: true, expires at: 1787690553759
[debug] [2026-08-25T20:20:45.045Z] Checked if tokens are valid: true, expires at: 1787690553759
[debug] [2026-08-25T20:20:45.045Z] Checked if tokens are valid: true, expires at: 1787690553759
[debug] [2026-08-25T20:20:45.045Z] Checked if tokens are valid: true, expires at: 1787690553759
[debug] [2026-08-25T20:20:45.045Z] Checked if tokens are valid: true, expires at: 1787690553759
[debug] [2026-08-25T20:20:45.045Z] Checked if tokens are valid: true, expires at: 1787690553759
[debug] [2026-08-25T20:20:45.045Z] Checked if tokens are valid: true, expires at: 1787690553759
[debug] [2026-08-25T20:20:45.045Z] Checked if tokens are valid: true, expires at: 1787690553759
[debug] [2026-08-25T20:20:45.045Z] Checked if tokens are valid: true, expires at: 1787690553759
[debug] [2026-08-25T20:20:45.045Z] Checked if tokens are valid: true, expires at: 1787690553759
[debug] [2026-08-25T20:20:45.045Z] Checked if tokens are valid: true, expires at: 1787690553759
[debug] [2026-08-25T20:20:45.045Z] Checked if tokens are valid: true, expires at: 1787690553759
[debug] [2026-08-25T20:20:45.045Z] Checked if tokens are valid: true, expires at: 1787690553759
[debug] [2026-08-25T20:20:45.045Z] Checked if tokens are valid: true, expires at: 1787690553759
[debug] [2026-08-25T20:20:45.045Z] Checked if tokens are valid: true, expires at: 1787690553759
[debug] [2026-08-25T20:20:45.045Z] Checked if tokens are valid: true, expires at: 1787690553759
[debug] [2026-08-25T20:20:45.045Z] Checked if tokens are valid: true, expires at: 1787690553759
[debug] [2026-08-25T20:20:45.045Z] Checked if tokens are valid: true, expires at: 1787690553759
[debug] [2026-08-25T20:20:45.045Z] Checked if tokens are valid: true, expires at: 1787690553759
[debug] [2026-08-25T20:20:45.045Z] Checked if tokens are valid: true, expires at: 1787690553759
[debug] [2026-08-25T20:20:45.045Z] Checked if tokens are valid: true, expires at: 1787690553759
[debug] [2026-08-25T20:20:45.045Z] Checked if tokens are valid: true, expires at: 1787690553759
[debug] [2026-08-25T20:20:45.045Z] Checked if tokens are valid: true, expires at: 1787690553759
[debug] [2026-08-25T20:20:45.045Z] Checked if tokens are valid: true, expires at: 1787690553759
[debug] [2026-08-25T20:20:45.045Z] Checked if tokens are valid: true, expires at: 1787690553759
[debug] [2026-08-25T20:20:45.045Z] Checked if tokens are valid: true, expires at: 1787690553759
[debug] [2026-08-25T20:20:45.045Z] Checked if tokens are valid: true, expires at: 1787690553759
[debug] [2026-08-25T20:20:45.045Z] Checked if tokens are valid: true, expires at: 1787690553759
[debug] [2026-08-25T20:20:45.045Z] Checked if tokens are valid: true, expires at: 1787690553759
[debug] [2026-08-25T20:20:45.045Z] Checked if tokens are valid: true, expires at: 1787690553759
[debug] [2026-08-25T20:20:45.045Z] Checked if tokens are valid: true, expires at: 1787690553759
[debug] [2026-08-25T20:20:45.046Z] Checked if tokens are valid: true, expires at: 1787690553759
[debug] [2026-08-25T20:20:45.046Z] Checked if tokens are valid: true, expires at: 1787690553759
[debug] [2026-08-25T20:20:45.046Z] Checked if tokens are valid: true, expires at: 1787690553759
[debug] [2026-08-25T20:20:45.046Z] Checked if tokens are valid: true, expires at: 1787690553759
[debug] [2026-08-25T20:20:45.046Z] Checked if tokens are valid: true, expires at: 1787690553759
[debug] [2026-08-25T20:20:45.046Z] Checked if tokens are valid: true, expires at: 1787690553759
[debug] [2026-08-25T20:20:45.046Z] Checked if tokens are valid: true, expires at: 1787690553759
[debug] [2026-08-25T20:20:45.046Z] Checked if tokens are valid: true, expires at: 1787690553759
[debug] [2026-08-25T20:20:45.046Z] Checked if tokens are valid: true, expires at: 1787690553759
[debug] [2026-08-25T20:20:45.046Z] Checked if tokens are valid: true, expires at: 1787690553759
[debug] [2026-08-25T20:20:45.046Z] Checked if tokens are valid: true, expires at: 1787690553759
[debug] [2026-08-25T20:20:45.046Z] Checked if tokens are valid: true, expires at: 1787690553759
[debug] [2026-08-25T20:20:45.046Z] >>> [apiv2][query] POST https://upload-firebasehosting.googleapis.com/upload/sites/dabzo/versions/037d4eb342558306/files/74de96505bc09c25cc89545a682d645c88b8e04b2fa30faff3dbd807d3e1c193 [none]
[debug] [2026-08-25T20:20:45.046Z] >>> [apiv2][body] POST https://upload-firebasehosting.googleapis.com/upload/sites/dabzo/versions/037d4eb342558306/files/74de96505bc09c25cc89545a682d645c88b8e04b2fa30faff3dbd807d3e1c193 [stream]
[debug] [2026-08-25T20:20:45.047Z] >>> [apiv2][query] POST https://upload-firebasehosting.googleapis.com/upload/sites/dabzo/versions/037d4eb342558306/files/5286144186d60d42ccf70a92eb956809c455cd649ed503021a6e37aaa44087cf [none]
[debug] [2026-08-25T20:20:45.047Z] >>> [apiv2][body] POST https://upload-firebasehosting.googleapis.com/upload/sites/dabzo/versions/037d4eb342558306/files/5286144186d60d42ccf70a92eb956809c455cd649ed503021a6e37aaa44087cf [stream]
[debug] [2026-08-25T20:20:45.047Z] >>> [apiv2][query] POST https://upload-firebasehosting.googleapis.com/upload/sites/dabzo/versions/037d4eb342558306/files/a2ae87801a8a4d36a8086f10aac5166bd57ace06a9f3e421aafcd23808aef1bf [none]
[debug] [2026-08-25T20:20:45.047Z] >>> [apiv2][body] POST https://upload-firebasehosting.googleapis.com/upload/sites/dabzo/versions/037d4eb342558306/files/a2ae87801a8a4d36a8086f10aac5166bd57ace06a9f3e421aafcd23808aef1bf [stream]
[debug] [2026-08-25T20:20:45.047Z] >>> [apiv2][query] POST https://upload-firebasehosting.googleapis.com/upload/sites/dabzo/versions/037d4eb342558306/files/016c9ac04677814fd671d972c4ce155243fbac10f9cd92341482c39f79cc208f [none]
[debug] [2026-08-25T20:20:45.047Z] >>> [apiv2][body] POST https://upload-firebasehosting.googleapis.com/upload/sites/dabzo/versions/037d4eb342558306/files/016c9ac04677814fd671d972c4ce155243fbac10f9cd92341482c39f79cc208f [stream]
[debug] [2026-08-25T20:20:45.047Z] >>> [apiv2][query] POST https://upload-firebasehosting.googleapis.com/upload/sites/dabzo/versions/037d4eb342558306/files/7aac73e2b9187c1103be40a354bbabc01c4a489cba07dd093822c6b635313479 [none]
[debug] [2026-08-25T20:20:45.047Z] >>> [apiv2][body] POST https://upload-firebasehosting.googleapis.com/upload/sites/dabzo/versions/037d4eb342558306/files/7aac73e2b9187c1103be40a354bbabc01c4a489cba07dd093822c6b635313479 [stream]
[debug] [2026-08-25T20:20:45.047Z] >>> [apiv2][query] POST https://upload-firebasehosting.googleapis.com/upload/sites/dabzo/versions/037d4eb342558306/files/85bfdfd6b73e5a96d4e7c2fd40567c235ae78fc03d78a718da5c85e791cb834e [none]
[debug] [2026-08-25T20:20:45.047Z] >>> [apiv2][body] POST https://upload-firebasehosting.googleapis.com/upload/sites/dabzo/versions/037d4eb342558306/files/85bfdfd6b73e5a96d4e7c2fd40567c235ae78fc03d78a718da5c85e791cb834e [stream]
[debug] [2026-08-25T20:20:45.047Z] >>> [apiv2][query] POST https://upload-firebasehosting.googleapis.com/upload/sites/dabzo/versions/037d4eb342558306/files/db262c0a2aba69ecda02f8c2f7b0bbd172e88f7989b0aed7e3dc8a4955c69cb3 [none]
[debug] [2026-08-25T20:20:45.047Z] >>> [apiv2][body] POST https://upload-firebasehosting.googleapis.com/upload/sites/dabzo/versions/037d4eb342558306/files/db262c0a2aba69ecda02f8c2f7b0bbd172e88f7989b0aed7e3dc8a4955c69cb3 [stream]
[debug] [2026-08-25T20:20:45.047Z] >>> [apiv2][query] POST https://upload-firebasehosting.googleapis.com/upload/sites/dabzo/versions/037d4eb342558306/files/0b80eb63654492b18d40a86b674700d56aa1ba8bd45078e063c366773ecb402f [none]
[debug] [2026-08-25T20:20:45.047Z] >>> [apiv2][body] POST https://upload-firebasehosting.googleapis.com/upload/sites/dabzo/versions/037d4eb342558306/files/0b80eb63654492b18d40a86b674700d56aa1ba8bd45078e063c366773ecb402f [stream]
[debug] [2026-08-25T20:20:45.047Z] >>> [apiv2][query] POST https://upload-firebasehosting.googleapis.com/upload/sites/dabzo/versions/037d4eb342558306/files/232ae0a9cc5fa07a72a4609acff5f2f48c98d90de94d51ec08ea8e16b42a5b0f [none]
[debug] [2026-08-25T20:20:45.047Z] >>> [apiv2][body] POST https://upload-firebasehosting.googleapis.com/upload/sites/dabzo/versions/037d4eb342558306/files/232ae0a9cc5fa07a72a4609acff5f2f48c98d90de94d51ec08ea8e16b42a5b0f [stream]
[debug] [2026-08-25T20:20:45.047Z] >>> [apiv2][query] POST https://upload-firebasehosting.googleapis.com/upload/sites/dabzo/versions/037d4eb342558306/files/d89da4f924c12ea10ac14befd4c6465d6b6b5c2d3b679dec07d1860f52bc9575 [none]
[debug] [2026-08-25T20:20:45.047Z] >>> [apiv2][body] POST https://upload-firebasehosting.googleapis.com/upload/sites/dabzo/versions/037d4eb342558306/files/d89da4f924c12ea10ac14befd4c6465d6b6b5c2d3b679dec07d1860f52bc9575 [stream]
[debug] [2026-08-25T20:20:45.047Z] >>> [apiv2][query] POST https://upload-firebasehosting.googleapis.com/upload/sites/dabzo/versions/037d4eb342558306/files/43b06d6a93c95699cc090bae1ee916340981602965eef5fc06dc35abe0b2e3be [none]
[debug] [2026-08-25T20:20:45.047Z] >>> [apiv2][body] POST https://upload-firebasehosting.googleapis.com/upload/sites/dabzo/versions/037d4eb342558306/files/43b06d6a93c95699cc090bae1ee916340981602965eef5fc06dc35abe0b2e3be [stream]
[debug] [2026-08-25T20:20:45.047Z] >>> [apiv2][query] POST https://upload-firebasehosting.googleapis.com/upload/sites/dabzo/versions/037d4eb342558306/files/ef42762bbecf785ba2425e578073e3b6d0824cf5062c21c7881f6ece5fbad837 [none]
[debug] [2026-08-25T20:20:45.047Z] >>> [apiv2][body] POST https://upload-firebasehosting.googleapis.com/upload/sites/dabzo/versions/037d4eb342558306/files/ef42762bbecf785ba2425e578073e3b6d0824cf5062c21c7881f6ece5fbad837 [stream]
[debug] [2026-08-25T20:20:45.047Z] >>> [apiv2][query] POST https://upload-firebasehosting.googleapis.com/upload/sites/dabzo/versions/037d4eb342558306/files/b73336ed06928596c1cbf71354279da9ef02b9bbaba55d4955827ac236b6649e [none]
[debug] [2026-08-25T20:20:45.047Z] >>> [apiv2][body] POST https://upload-firebasehosting.googleapis.com/upload/sites/dabzo/versions/037d4eb342558306/files/b73336ed06928596c1cbf71354279da9ef02b9bbaba55d4955827ac236b6649e [stream]
[debug] [2026-08-25T20:20:45.047Z] >>> [apiv2][query] POST https://upload-firebasehosting.googleapis.com/upload/sites/dabzo/versions/037d4eb342558306/files/73064b4b4a76b44732afa4bf6797f919ce33ce5c5e86b50b0d0c6dc72f6b6bee [none]
[debug] [2026-08-25T20:20:45.047Z] >>> [apiv2][body] POST https://upload-firebasehosting.googleapis.com/upload/sites/dabzo/versions/037d4eb342558306/files/73064b4b4a76b44732afa4bf6797f919ce33ce5c5e86b50b0d0c6dc72f6b6bee [stream]
[debug] [2026-08-25T20:20:45.047Z] >>> [apiv2][query] POST https://upload-firebasehosting.googleapis.com/upload/sites/dabzo/versions/037d4eb342558306/files/0f524e243dac21eaaf3e044d21df54b19ed6c683a2da158758b77c41c5707df1 [none]
[debug] [2026-08-25T20:20:45.047Z] >>> [apiv2][body] POST https://upload-firebasehosting.googleapis.com/upload/sites/dabzo/versions/037d4eb342558306/files/0f524e243dac21eaaf3e044d21df54b19ed6c683a2da158758b77c41c5707df1 [stream]
[debug] [2026-08-25T20:20:45.047Z] >>> [apiv2][query] POST https://upload-firebasehosting.googleapis.com/upload/sites/dabzo/versions/037d4eb342558306/files/c406dd1090b35411d89814f7320753b1cea3429774721f7009894e28663f4c1e [none]
[debug] [2026-08-25T20:20:45.047Z] >>> [apiv2][body] POST https://upload-firebasehosting.googleapis.com/upload/sites/dabzo/versions/037d4eb342558306/files/c406dd1090b35411d89814f7320753b1cea3429774721f7009894e28663f4c1e [stream]
[debug] [2026-08-25T20:20:45.047Z] >>> [apiv2][query] POST https://upload-firebasehosting.googleapis.com/upload/sites/dabzo/versions/037d4eb342558306/files/899d96d70b70aacb3525cfeb8f312786c7df255091b24a6091c7514b62c3a398 [none]
[debug] [2026-08-25T20:20:45.047Z] >>> [apiv2][body] POST https://upload-firebasehosting.googleapis.com/upload/sites/dabzo/versions/037d4eb342558306/files/899d96d70b70aacb3525cfeb8f312786c7df255091b24a6091c7514b62c3a398 [stream]
[debug] [2026-08-25T20:20:45.047Z] >>> [apiv2][query] POST https://upload-firebasehosting.googleapis.com/upload/sites/dabzo/versions/037d4eb342558306/files/72f80040a750ddc3382e68e7a6bb89bf2b0e8c54de1a3e7da008368a727357ad [none]
[debug] [2026-08-25T20:20:45.047Z] >>> [apiv2][body] POST https://upload-firebasehosting.googleapis.com/upload/sites/dabzo/versions/037d4eb342558306/files/72f80040a750ddc3382e68e7a6bb89bf2b0e8c54de1a3e7da008368a727357ad [stream]
[debug] [2026-08-25T20:20:45.047Z] >>> [apiv2][query] POST https://upload-firebasehosting.googleapis.com/upload/sites/dabzo/versions/037d4eb342558306/files/256199a39efcd092dace44bdeabd01ea2cf3e431b2ce881ad1956c68dfcd7048 [none]
[debug] [2026-08-25T20:20:45.047Z] >>> [apiv2][body] POST https://upload-firebasehosting.googleapis.com/upload/sites/dabzo/versions/037d4eb342558306/files/256199a39efcd092dace44bdeabd01ea2cf3e431b2ce881ad1956c68dfcd7048 [stream]
[debug] [2026-08-25T20:20:45.048Z] >>> [apiv2][query] POST https://upload-firebasehosting.googleapis.com/upload/sites/dabzo/versions/037d4eb342558306/files/075e0e0a52e7d84e41e32fc81a94b1913b63eb02a36b0001e677738c8a9e0af0 [none]
[debug] [2026-08-25T20:20:45.048Z] >>> [apiv2][body] POST https://upload-firebasehosting.googleapis.com/upload/sites/dabzo/versions/037d4eb342558306/files/075e0e0a52e7d84e41e32fc81a94b1913b63eb02a36b0001e677738c8a9e0af0 [stream]
[debug] [2026-08-25T20:20:45.048Z] >>> [apiv2][query] POST https://upload-firebasehosting.googleapis.com/upload/sites/dabzo/versions/037d4eb342558306/files/876c3777157c10549dbf731406fe75b1b78e722a16d460f1eff508f88eec4d3a [none]
[debug] [2026-08-25T20:20:45.048Z] >>> [apiv2][body] POST https://upload-firebasehosting.googleapis.com/upload/sites/dabzo/versions/037d4eb342558306/files/876c3777157c10549dbf731406fe75b1b78e722a16d460f1eff508f88eec4d3a [stream]
[debug] [2026-08-25T20:20:45.048Z] >>> [apiv2][query] POST https://upload-firebasehosting.googleapis.com/upload/sites/dabzo/versions/037d4eb342558306/files/c2f9bea9c1b20f06bdc4e7d97be4b5aa37e267ce51c7dfa4a3f6df69d0aae8fe [none]
[debug] [2026-08-25T20:20:45.048Z] >>> [apiv2][body] POST https://upload-firebasehosting.googleapis.com/upload/sites/dabzo/versions/037d4eb342558306/files/c2f9bea9c1b20f06bdc4e7d97be4b5aa37e267ce51c7dfa4a3f6df69d0aae8fe [stream]
[debug] [2026-08-25T20:20:45.048Z] >>> [apiv2][query] POST https://upload-firebasehosting.googleapis.com/upload/sites/dabzo/versions/037d4eb342558306/files/b98e927bf3594a0afa47cfe11528d6d9e6436397182c60d01b0358f1aea602ab [none]
[debug] [2026-08-25T20:20:45.048Z] >>> [apiv2][body] POST https://upload-firebasehosting.googleapis.com/upload/sites/dabzo/versions/037d4eb342558306/files/b98e927bf3594a0afa47cfe11528d6d9e6436397182c60d01b0358f1aea602ab [stream]
[debug] [2026-08-25T20:20:45.048Z] >>> [apiv2][query] POST https://upload-firebasehosting.googleapis.com/upload/sites/dabzo/versions/037d4eb342558306/files/95afd8ee6d0631ba31f8fe5f684a0e059298ec889ea21d8e1cad2e5715a7fad1 [none]
[debug] [2026-08-25T20:20:45.048Z] >>> [apiv2][body] POST https://upload-firebasehosting.googleapis.com/upload/sites/dabzo/versions/037d4eb342558306/files/95afd8ee6d0631ba31f8fe5f684a0e059298ec889ea21d8e1cad2e5715a7fad1 [stream]
[debug] [2026-08-25T20:20:45.048Z] >>> [apiv2][query] POST https://upload-firebasehosting.googleapis.com/upload/sites/dabzo/versions/037d4eb342558306/files/3e330d30aa9c9b74bce8bab5dc059b80bac192ead76a9685ba0e43e80f22099b [none]
[debug] [2026-08-25T20:20:45.048Z] >>> [apiv2][body] POST https://upload-firebasehosting.googleapis.com/upload/sites/dabzo/versions/037d4eb342558306/files/3e330d30aa9c9b74bce8bab5dc059b80bac192ead76a9685ba0e43e80f22099b [stream]
[debug] [2026-08-25T20:20:45.048Z] >>> [apiv2][query] POST https://upload-firebasehosting.googleapis.com/upload/sites/dabzo/versions/037d4eb342558306/files/48692db28fa8cdc96e196a97d6674676e115662803583b8d931cba8a15ba064c [none]
[debug] [2026-08-25T20:20:45.048Z] >>> [apiv2][body] POST https://upload-firebasehosting.googleapis.com/upload/sites/dabzo/versions/037d4eb342558306/files/48692db28fa8cdc96e196a97d6674676e115662803583b8d931cba8a15ba064c [stream]
[debug] [2026-08-25T20:20:45.048Z] >>> [apiv2][query] POST https://upload-firebasehosting.googleapis.com/upload/sites/dabzo/versions/037d4eb342558306/files/118b995762153571ca649ddd3884ff893c2d1e00b15b3202e43604fd9b2dd046 [none]
[debug] [2026-08-25T20:20:45.048Z] >>> [apiv2][body] POST https://upload-firebasehosting.googleapis.com/upload/sites/dabzo/versions/037d4eb342558306/files/118b995762153571ca649ddd3884ff893c2d1e00b15b3202e43604fd9b2dd046 [stream]
[debug] [2026-08-25T20:20:45.048Z] >>> [apiv2][query] POST https://upload-firebasehosting.googleapis.com/upload/sites/dabzo/versions/037d4eb342558306/files/99257d59d55f7cdd1e0aa20711acfa3ff3e2ede8ce6817a04eb86d4ef7ba756a [none]
[debug] [2026-08-25T20:20:45.048Z] >>> [apiv2][body] POST https://upload-firebasehosting.googleapis.com/upload/sites/dabzo/versions/037d4eb342558306/files/99257d59d55f7cdd1e0aa20711acfa3ff3e2ede8ce6817a04eb86d4ef7ba756a [stream]
[debug] [2026-08-25T20:20:45.048Z] >>> [apiv2][query] POST https://upload-firebasehosting.googleapis.com/upload/sites/dabzo/versions/037d4eb342558306/files/bfe27ec0f0788c0e854f58f5a414f5d66bab0ccb9f1eaf34e98eb836406e1e87 [none]
[debug] [2026-08-25T20:20:45.048Z] >>> [apiv2][body] POST https://upload-firebasehosting.googleapis.com/upload/sites/dabzo/versions/037d4eb342558306/files/bfe27ec0f0788c0e854f58f5a414f5d66bab0ccb9f1eaf34e98eb836406e1e87 [stream]
[debug] [2026-08-25T20:20:45.048Z] >>> [apiv2][query] POST https://upload-firebasehosting.googleapis.com/upload/sites/dabzo/versions/037d4eb342558306/files/55adb292f1c121288a4352d0ebc8e9c7bd78f38ca81f8f7df57feae35993001a [none]
[debug] [2026-08-25T20:20:45.048Z] >>> [apiv2][body] POST https://upload-firebasehosting.googleapis.com/upload/sites/dabzo/versions/037d4eb342558306/files/55adb292f1c121288a4352d0ebc8e9c7bd78f38ca81f8f7df57feae35993001a [stream]
[debug] [2026-08-25T20:20:45.048Z] >>> [apiv2][query] POST https://upload-firebasehosting.googleapis.com/upload/sites/dabzo/versions/037d4eb342558306/files/51b96e952f6b95eb7d34a68d30ba74e6d07d4e8e9819024ec1d8875312f32652 [none]
[debug] [2026-08-25T20:20:45.048Z] >>> [apiv2][body] POST https://upload-firebasehosting.googleapis.com/upload/sites/dabzo/versions/037d4eb342558306/files/51b96e952f6b95eb7d34a68d30ba74e6d07d4e8e9819024ec1d8875312f32652 [stream]
[debug] [2026-08-25T20:20:45.048Z] >>> [apiv2][query] POST https://upload-firebasehosting.googleapis.com/upload/sites/dabzo/versions/037d4eb342558306/files/a92d2dcea68ae427d629084f0e63bf64b899ff4abb77ef758d76c2336b36d2fc [none]
[debug] [2026-08-25T20:20:45.048Z] >>> [apiv2][body] POST https://upload-firebasehosting.googleapis.com/upload/sites/dabzo/versions/037d4eb342558306/files/a92d2dcea68ae427d629084f0e63bf64b899ff4abb77ef758d76c2336b36d2fc [stream]
[debug] [2026-08-25T20:20:45.048Z] >>> [apiv2][query] POST https://upload-firebasehosting.googleapis.com/upload/sites/dabzo/versions/037d4eb342558306/files/f1371a059e7a5487cb79ce5d4d41f0a5565585d920bec9dae93cdadda650d728 [none]
[debug] [2026-08-25T20:20:45.048Z] >>> [apiv2][body] POST https://upload-firebasehosting.googleapis.com/upload/sites/dabzo/versions/037d4eb342558306/files/f1371a059e7a5487cb79ce5d4d41f0a5565585d920bec9dae93cdadda650d728 [stream]
[debug] [2026-08-25T20:20:45.048Z] >>> [apiv2][query] POST https://upload-firebasehosting.googleapis.com/upload/sites/dabzo/versions/037d4eb342558306/files/eb02a4c04cad0ceb9c096d11ba7fb49a1e32d305aae76e4a447f9735dd2743ed [none]
[debug] [2026-08-25T20:20:45.048Z] >>> [apiv2][body] POST https://upload-firebasehosting.googleapis.com/upload/sites/dabzo/versions/037d4eb342558306/files/eb02a4c04cad0ceb9c096d11ba7fb49a1e32d305aae76e4a447f9735dd2743ed [stream]
[debug] [2026-08-25T20:20:45.048Z] >>> [apiv2][query] POST https://upload-firebasehosting.googleapis.com/upload/sites/dabzo/versions/037d4eb342558306/files/4ded0b39d6607b24eee338eec5a8de9af14d9201265b206bfd0f2b4f63fcee82 [none]
[debug] [2026-08-25T20:20:45.048Z] >>> [apiv2][body] POST https://upload-firebasehosting.googleapis.com/upload/sites/dabzo/versions/037d4eb342558306/files/4ded0b39d6607b24eee338eec5a8de9af14d9201265b206bfd0f2b4f63fcee82 [stream]
[debug] [2026-08-25T20:20:45.048Z] >>> [apiv2][query] POST https://upload-firebasehosting.googleapis.com/upload/sites/dabzo/versions/037d4eb342558306/files/df84aaa38e7c6064cc96edb8d3ed6034d04da97f243ae4a9b94748a89296bac1 [none]
[debug] [2026-08-25T20:20:45.048Z] >>> [apiv2][body] POST https://upload-firebasehosting.googleapis.com/upload/sites/dabzo/versions/037d4eb342558306/files/df84aaa38e7c6064cc96edb8d3ed6034d04da97f243ae4a9b94748a89296bac1 [stream]
[debug] [2026-08-25T20:20:45.048Z] >>> [apiv2][query] POST https://upload-firebasehosting.googleapis.com/upload/sites/dabzo/versions/037d4eb342558306/files/90b4839c2836c0e6db2fd4d7d89fbfd14f902318315fcb098942c07c58a36ca8 [none]
[debug] [2026-08-25T20:20:45.049Z] >>> [apiv2][body] POST https://upload-firebasehosting.googleapis.com/upload/sites/dabzo/versions/037d4eb342558306/files/90b4839c2836c0e6db2fd4d7d89fbfd14f902318315fcb098942c07c58a36ca8 [stream]
[debug] [2026-08-25T20:20:45.049Z] >>> [apiv2][query] POST https://upload-firebasehosting.googleapis.com/upload/sites/dabzo/versions/037d4eb342558306/files/e9cd96f6911323a74c05c21f9933fb8377d1a78f6cd8bf22d59bd8357010e500 [none]
[debug] [2026-08-25T20:20:45.049Z] >>> [apiv2][body] POST https://upload-firebasehosting.googleapis.com/upload/sites/dabzo/versions/037d4eb342558306/files/e9cd96f6911323a74c05c21f9933fb8377d1a78f6cd8bf22d59bd8357010e500 [stream]
[debug] [2026-08-25T20:20:45.049Z] >>> [apiv2][query] POST https://upload-firebasehosting.googleapis.com/upload/sites/dabzo/versions/037d4eb342558306/files/3f4fd70851eb620e658f30d896c6de1d5d1d1d35af21836a3547b987ca32438a [none]
[debug] [2026-08-25T20:20:45.049Z] >>> [apiv2][body] POST https://upload-firebasehosting.googleapis.com/upload/sites/dabzo/versions/037d4eb342558306/files/3f4fd70851eb620e658f30d896c6de1d5d1d1d35af21836a3547b987ca32438a [stream]
[debug] [2026-08-25T20:20:45.049Z] >>> [apiv2][query] POST https://upload-firebasehosting.googleapis.com/upload/sites/dabzo/versions/037d4eb342558306/files/764f5de1e16d788fac51d64e40b7d3b0c35c7c0a8ba5a46bf3b1972b52f1c7be [none]
[debug] [2026-08-25T20:20:45.049Z] >>> [apiv2][body] POST https://upload-firebasehosting.googleapis.com/upload/sites/dabzo/versions/037d4eb342558306/files/764f5de1e16d788fac51d64e40b7d3b0c35c7c0a8ba5a46bf3b1972b52f1c7be [stream]
[debug] [2026-08-25T20:20:45.049Z] >>> [apiv2][query] POST https://upload-firebasehosting.googleapis.com/upload/sites/dabzo/versions/037d4eb342558306/files/f2b75bd8728df26b2b86ad7640b14d5a9b7ad47d6c428f46c42ac3d9aa4cb327 [none]
[debug] [2026-08-25T20:20:45.049Z] >>> [apiv2][body] POST https://upload-firebasehosting.googleapis.com/upload/sites/dabzo/versions/037d4eb342558306/files/f2b75bd8728df26b2b86ad7640b14d5a9b7ad47d6c428f46c42ac3d9aa4cb327 [stream]
[debug] [2026-08-25T20:20:45.049Z] >>> [apiv2][query] POST https://upload-firebasehosting.googleapis.com/upload/sites/dabzo/versions/037d4eb342558306/files/a1873e4f08d1234a1e1c9483027a7e40e6c9657b295c8f24dc0dff3035bba8c6 [none]
[debug] [2026-08-25T20:20:45.049Z] >>> [apiv2][body] POST https://upload-firebasehosting.googleapis.com/upload/sites/dabzo/versions/037d4eb342558306/files/a1873e4f08d1234a1e1c9483027a7e40e6c9657b295c8f24dc0dff3035bba8c6 [stream]
[debug] [2026-08-25T20:20:45.049Z] >>> [apiv2][query] POST https://upload-firebasehosting.googleapis.com/upload/sites/dabzo/versions/037d4eb342558306/files/0e79670d009780cf96aaf27bc36e6c431db9fd26fca52108d0757b82ea0fd323 [none]
[debug] [2026-08-25T20:20:45.049Z] >>> [apiv2][body] POST https://upload-firebasehosting.googleapis.com/upload/sites/dabzo/versions/037d4eb342558306/files/0e79670d009780cf96aaf27bc36e6c431db9fd26fca52108d0757b82ea0fd323 [stream]
[debug] [2026-08-25T20:20:45.049Z] >>> [apiv2][query] POST https://upload-firebasehosting.googleapis.com/upload/sites/dabzo/versions/037d4eb342558306/files/47fa183a90786d08e0a05ef9c7e1e9a4124baa3d668eebddbe7a92f35c5314e3 [none]
[debug] [2026-08-25T20:20:45.049Z] >>> [apiv2][body] POST https://upload-firebasehosting.googleapis.com/upload/sites/dabzo/versions/037d4eb342558306/files/47fa183a90786d08e0a05ef9c7e1e9a4124baa3d668eebddbe7a92f35c5314e3 [stream]
[debug] [2026-08-25T20:20:45.049Z] >>> [apiv2][query] POST https://upload-firebasehosting.googleapis.com/upload/sites/dabzo/versions/037d4eb342558306/files/fcfb6e320dd8fd222fb92848c2ca8465858723361a187ed009e490936e285e6b [none]
[debug] [2026-08-25T20:20:45.049Z] >>> [apiv2][body] POST https://upload-firebasehosting.googleapis.com/upload/sites/dabzo/versions/037d4eb342558306/files/fcfb6e320dd8fd222fb92848c2ca8465858723361a187ed009e490936e285e6b [stream]
[debug] [2026-08-25T20:20:45.049Z] >>> [apiv2][query] POST https://upload-firebasehosting.googleapis.com/upload/sites/dabzo/versions/037d4eb342558306/files/20798425ed2767eb91c8c3b943d2f15c8ff2af3761894e946d735c7ffe4e0026 [none]
[debug] [2026-08-25T20:20:45.049Z] >>> [apiv2][body] POST https://upload-firebasehosting.googleapis.com/upload/sites/dabzo/versions/037d4eb342558306/files/20798425ed2767eb91c8c3b943d2f15c8ff2af3761894e946d735c7ffe4e0026 [stream]
[debug] [2026-08-25T20:20:45.049Z] >>> [apiv2][query] POST https://upload-firebasehosting.googleapis.com/upload/sites/dabzo/versions/037d4eb342558306/files/7853e4c287bc4bb8a68bea4ccd04762e597fce7ef738e928edaa61c169b1f8a5 [none]
[debug] [2026-08-25T20:20:45.049Z] >>> [apiv2][body] POST https://upload-firebasehosting.googleapis.com/upload/sites/dabzo/versions/037d4eb342558306/files/7853e4c287bc4bb8a68bea4ccd04762e597fce7ef738e928edaa61c169b1f8a5 [stream]
[debug] [2026-08-25T20:20:45.049Z] >>> [apiv2][query] POST https://upload-firebasehosting.googleapis.com/upload/sites/dabzo/versions/037d4eb342558306/files/81f663d5c099c503bc2ffc4b80c0a42c65e325aa6ad4c6f08fe3a95473fdeaca [none]
[debug] [2026-08-25T20:20:45.049Z] >>> [apiv2][body] POST https://upload-firebasehosting.googleapis.com/upload/sites/dabzo/versions/037d4eb342558306/files/81f663d5c099c503bc2ffc4b80c0a42c65e325aa6ad4c6f08fe3a95473fdeaca [stream]
[debug] [2026-08-25T20:20:45.049Z] >>> [apiv2][query] POST https://upload-firebasehosting.googleapis.com/upload/sites/dabzo/versions/037d4eb342558306/files/a870460dcf71f506f6877dbeeb051ba55a956161dad5c0c4c5cdd4ea4fbf544e [none]
[debug] [2026-08-25T20:20:45.049Z] >>> [apiv2][body] POST https://upload-firebasehosting.googleapis.com/upload/sites/dabzo/versions/037d4eb342558306/files/a870460dcf71f506f6877dbeeb051ba55a956161dad5c0c4c5cdd4ea4fbf544e [stream]
[debug] [2026-08-25T20:20:45.049Z] >>> [apiv2][query] POST https://upload-firebasehosting.googleapis.com/upload/sites/dabzo/versions/037d4eb342558306/files/bc666372ee92a53bf48f2320396a0dad8085d666d6da5219c3948e0574b8af10 [none]
[debug] [2026-08-25T20:20:45.049Z] >>> [apiv2][body] POST https://upload-firebasehosting.googleapis.com/upload/sites/dabzo/versions/037d4eb342558306/files/bc666372ee92a53bf48f2320396a0dad8085d666d6da5219c3948e0574b8af10 [stream]
[debug] [2026-08-25T20:20:45.049Z] >>> [apiv2][query] POST https://upload-firebasehosting.googleapis.com/upload/sites/dabzo/versions/037d4eb342558306/files/3d5c2fd56209fb16b054a4f268ca1a9ebdc5296957043055cdfa48f385f7cede [none]
[debug] [2026-08-25T20:20:45.049Z] >>> [apiv2][body] POST https://upload-firebasehosting.googleapis.com/upload/sites/dabzo/versions/037d4eb342558306/files/3d5c2fd56209fb16b054a4f268ca1a9ebdc5296957043055cdfa48f385f7cede [stream]
[debug] [2026-08-25T20:20:45.049Z] >>> [apiv2][query] POST https://upload-firebasehosting.googleapis.com/upload/sites/dabzo/versions/037d4eb342558306/files/6eaf4ddba298b81a97972d73b48ea7964df79ffa6418fea03a5b9b1b76a9333b [none]
[debug] [2026-08-25T20:20:45.049Z] >>> [apiv2][body] POST https://upload-firebasehosting.googleapis.com/upload/sites/dabzo/versions/037d4eb342558306/files/6eaf4ddba298b81a97972d73b48ea7964df79ffa6418fea03a5b9b1b76a9333b [stream]
[debug] [2026-08-25T20:20:45.049Z] >>> [apiv2][query] POST https://upload-firebasehosting.googleapis.com/upload/sites/dabzo/versions/037d4eb342558306/files/3299a54a910cb05d3882e03693137d554b8a9991a7c0ddd34b69b31ea9ac7edf [none]
[debug] [2026-08-25T20:20:45.049Z] >>> [apiv2][body] POST https://upload-firebasehosting.googleapis.com/upload/sites/dabzo/versions/037d4eb342558306/files/3299a54a910cb05d3882e03693137d554b8a9991a7c0ddd34b69b31ea9ac7edf [stream]
[debug] [2026-08-25T20:20:45.049Z] >>> [apiv2][query] POST https://upload-firebasehosting.googleapis.com/upload/sites/dabzo/versions/037d4eb342558306/files/5a0d6dcd5afcd7ca7eaa2372a608464b1d2520d541b1056dca753c9b8284061a [none]
[debug] [2026-08-25T20:20:45.049Z] >>> [apiv2][body] POST https://upload-firebasehosting.googleapis.com/upload/sites/dabzo/versions/037d4eb342558306/files/5a0d6dcd5afcd7ca7eaa2372a608464b1d2520d541b1056dca753c9b8284061a [stream]
[debug] [2026-08-25T20:20:45.049Z] >>> [apiv2][query] POST https://upload-firebasehosting.googleapis.com/upload/sites/dabzo/versions/037d4eb342558306/files/c88198175f190042801a277f11391527da63f66315091aff3ee1b5b9545da934 [none]
[debug] [2026-08-25T20:20:45.049Z] >>> [apiv2][body] POST https://upload-firebasehosting.googleapis.com/upload/sites/dabzo/versions/037d4eb342558306/files/c88198175f190042801a277f11391527da63f66315091aff3ee1b5b9545da934 [stream]
[debug] [2026-08-25T20:20:45.049Z] >>> [apiv2][query] POST https://upload-firebasehosting.googleapis.com/upload/sites/dabzo/versions/037d4eb342558306/files/f5eaab316c024facc0abbf62c0ac4bcd7991e038abca89b6b6537ccb5a3cd1e1 [none]
[debug] [2026-08-25T20:20:45.049Z] >>> [apiv2][body] POST https://upload-firebasehosting.googleapis.com/upload/sites/dabzo/versions/037d4eb342558306/files/f5eaab316c024facc0abbf62c0ac4bcd7991e038abca89b6b6537ccb5a3cd1e1 [stream]
[debug] [2026-08-25T20:20:45.049Z] >>> [apiv2][query] POST https://upload-firebasehosting.googleapis.com/upload/sites/dabzo/versions/037d4eb342558306/files/8d223ce59b879aa8eadacce08a71ca07dbb999197874c000f7b040129a20eaa6 [none]
[debug] [2026-08-25T20:20:45.049Z] >>> [apiv2][body] POST https://upload-firebasehosting.googleapis.com/upload/sites/dabzo/versions/037d4eb342558306/files/8d223ce59b879aa8eadacce08a71ca07dbb999197874c000f7b040129a20eaa6 [stream]
[debug] [2026-08-25T20:20:45.049Z] >>> [apiv2][query] POST https://upload-firebasehosting.googleapis.com/upload/sites/dabzo/versions/037d4eb342558306/files/218215f6f4e9454f86b25822cae56379453ade98a7f524a980cb97eab744daae [none]
[debug] [2026-08-25T20:20:45.049Z] >>> [apiv2][body] POST https://upload-firebasehosting.googleapis.com/upload/sites/dabzo/versions/037d4eb342558306/files/218215f6f4e9454f86b25822cae56379453ade98a7f524a980cb97eab744daae [stream]
[debug] [2026-08-25T20:20:45.050Z] >>> [apiv2][query] POST https://upload-firebasehosting.googleapis.com/upload/sites/dabzo/versions/037d4eb342558306/files/454f6293515db8a76b28cb794111ae3b62498f4a962d2d6d1476387b8ef5bd63 [none]
[debug] [2026-08-25T20:20:45.050Z] >>> [apiv2][body] POST https://upload-firebasehosting.googleapis.com/upload/sites/dabzo/versions/037d4eb342558306/files/454f6293515db8a76b28cb794111ae3b62498f4a962d2d6d1476387b8ef5bd63 [stream]
[debug] [2026-08-25T20:20:45.050Z] >>> [apiv2][query] POST https://upload-firebasehosting.googleapis.com/upload/sites/dabzo/versions/037d4eb342558306/files/32bdf8f9eacb96d4b1398461286054c1067950e0d8cfd923a5b55e691babbf94 [none]
[debug] [2026-08-25T20:20:45.050Z] >>> [apiv2][body] POST https://upload-firebasehosting.googleapis.com/upload/sites/dabzo/versions/037d4eb342558306/files/32bdf8f9eacb96d4b1398461286054c1067950e0d8cfd923a5b55e691babbf94 [stream]
[debug] [2026-08-25T20:20:45.057Z] [hosting][populate queue][FINAL] {"max":1349,"min":1349,"avg":1349,"active":0,"complete":1,"success":1,"errored":0,"retried":0,"total":1,"elapsed":1360}
[debug] [2026-08-25T20:20:45.057Z] [hosting] uploads queued: 60
[info] i  hosting: uploading new files [0/60] (0%) 
[debug] [2026-08-25T20:20:46.756Z] <<< [apiv2][status] POST https://upload-firebasehosting.googleapis.com/upload/sites/dabzo/versions/037d4eb342558306/files/a2ae87801a8a4d36a8086f10aac5166bd57ace06a9f3e421aafcd23808aef1bf 200
[debug] [2026-08-25T20:20:46.756Z] <<< [apiv2][body] POST https://upload-firebasehosting.googleapis.com/upload/sites/dabzo/versions/037d4eb342558306/files/a2ae87801a8a4d36a8086f10aac5166bd57ace06a9f3e421aafcd23808aef1bf [stream]
[debug] [2026-08-25T20:20:46.757Z] <<< [apiv2][status] POST https://upload-firebasehosting.googleapis.com/upload/sites/dabzo/versions/037d4eb342558306/files/74de96505bc09c25cc89545a682d645c88b8e04b2fa30faff3dbd807d3e1c193 200
[debug] [2026-08-25T20:20:46.757Z] <<< [apiv2][body] POST https://upload-firebasehosting.googleapis.com/upload/sites/dabzo/versions/037d4eb342558306/files/74de96505bc09c25cc89545a682d645c88b8e04b2fa30faff3dbd807d3e1c193 [stream]
[debug] [2026-08-25T20:20:46.795Z] <<< [apiv2][status] POST https://upload-firebasehosting.googleapis.com/upload/sites/dabzo/versions/037d4eb342558306/files/7aac73e2b9187c1103be40a354bbabc01c4a489cba07dd093822c6b635313479 200
[debug] [2026-08-25T20:20:46.795Z] <<< [apiv2][body] POST https://upload-firebasehosting.googleapis.com/upload/sites/dabzo/versions/037d4eb342558306/files/7aac73e2b9187c1103be40a354bbabc01c4a489cba07dd093822c6b635313479 [stream]
[debug] [2026-08-25T20:20:46.803Z] <<< [apiv2][status] POST https://upload-firebasehosting.googleapis.com/upload/sites/dabzo/versions/037d4eb342558306/files/3d5c2fd56209fb16b054a4f268ca1a9ebdc5296957043055cdfa48f385f7cede 200
[debug] [2026-08-25T20:20:46.804Z] <<< [apiv2][body] POST https://upload-firebasehosting.googleapis.com/upload/sites/dabzo/versions/037d4eb342558306/files/3d5c2fd56209fb16b054a4f268ca1a9ebdc5296957043055cdfa48f385f7cede [stream]
[debug] [2026-08-25T20:20:46.812Z] <<< [apiv2][status] POST https://upload-firebasehosting.googleapis.com/upload/sites/dabzo/versions/037d4eb342558306/files/73064b4b4a76b44732afa4bf6797f919ce33ce5c5e86b50b0d0c6dc72f6b6bee 200
[debug] [2026-08-25T20:20:46.812Z] <<< [apiv2][body] POST https://upload-firebasehosting.googleapis.com/upload/sites/dabzo/versions/037d4eb342558306/files/73064b4b4a76b44732afa4bf6797f919ce33ce5c5e86b50b0d0c6dc72f6b6bee [stream]
[debug] [2026-08-25T20:20:46.813Z] <<< [apiv2][status] POST https://upload-firebasehosting.googleapis.com/upload/sites/dabzo/versions/037d4eb342558306/files/72f80040a750ddc3382e68e7a6bb89bf2b0e8c54de1a3e7da008368a727357ad 200
[debug] [2026-08-25T20:20:46.813Z] <<< [apiv2][body] POST https://upload-firebasehosting.googleapis.com/upload/sites/dabzo/versions/037d4eb342558306/files/72f80040a750ddc3382e68e7a6bb89bf2b0e8c54de1a3e7da008368a727357ad [stream]
[debug] [2026-08-25T20:20:46.914Z] <<< [apiv2][status] POST https://upload-firebasehosting.googleapis.com/upload/sites/dabzo/versions/037d4eb342558306/files/ef42762bbecf785ba2425e578073e3b6d0824cf5062c21c7881f6ece5fbad837 200
[debug] [2026-08-25T20:20:46.914Z] <<< [apiv2][body] POST https://upload-firebasehosting.googleapis.com/upload/sites/dabzo/versions/037d4eb342558306/files/ef42762bbecf785ba2425e578073e3b6d0824cf5062c21c7881f6ece5fbad837 [stream]
[debug] [2026-08-25T20:20:46.915Z] <<< [apiv2][status] POST https://upload-firebasehosting.googleapis.com/upload/sites/dabzo/versions/037d4eb342558306/files/218215f6f4e9454f86b25822cae56379453ade98a7f524a980cb97eab744daae 200
[debug] [2026-08-25T20:20:46.915Z] <<< [apiv2][body] POST https://upload-firebasehosting.googleapis.com/upload/sites/dabzo/versions/037d4eb342558306/files/218215f6f4e9454f86b25822cae56379453ade98a7f524a980cb97eab744daae [stream]
[debug] [2026-08-25T20:20:46.915Z] <<< [apiv2][status] POST https://upload-firebasehosting.googleapis.com/upload/sites/dabzo/versions/037d4eb342558306/files/232ae0a9cc5fa07a72a4609acff5f2f48c98d90de94d51ec08ea8e16b42a5b0f 200
[debug] [2026-08-25T20:20:46.915Z] <<< [apiv2][body] POST https://upload-firebasehosting.googleapis.com/upload/sites/dabzo/versions/037d4eb342558306/files/232ae0a9cc5fa07a72a4609acff5f2f48c98d90de94d51ec08ea8e16b42a5b0f [stream]
[debug] [2026-08-25T20:20:46.916Z] <<< [apiv2][status] POST https://upload-firebasehosting.googleapis.com/upload/sites/dabzo/versions/037d4eb342558306/files/a870460dcf71f506f6877dbeeb051ba55a956161dad5c0c4c5cdd4ea4fbf544e 200
[debug] [2026-08-25T20:20:46.916Z] <<< [apiv2][body] POST https://upload-firebasehosting.googleapis.com/upload/sites/dabzo/versions/037d4eb342558306/files/a870460dcf71f506f6877dbeeb051ba55a956161dad5c0c4c5cdd4ea4fbf544e [stream]
[debug] [2026-08-25T20:20:46.916Z] <<< [apiv2][status] POST https://upload-firebasehosting.googleapis.com/upload/sites/dabzo/versions/037d4eb342558306/files/a1873e4f08d1234a1e1c9483027a7e40e6c9657b295c8f24dc0dff3035bba8c6 200
[debug] [2026-08-25T20:20:46.916Z] <<< [apiv2][body] POST https://upload-firebasehosting.googleapis.com/upload/sites/dabzo/versions/037d4eb342558306/files/a1873e4f08d1234a1e1c9483027a7e40e6c9657b295c8f24dc0dff3035bba8c6 [stream]
[debug] [2026-08-25T20:20:46.916Z] <<< [apiv2][status] POST https://upload-firebasehosting.googleapis.com/upload/sites/dabzo/versions/037d4eb342558306/files/bfe27ec0f0788c0e854f58f5a414f5d66bab0ccb9f1eaf34e98eb836406e1e87 200
[debug] [2026-08-25T20:20:46.916Z] <<< [apiv2][body] POST https://upload-firebasehosting.googleapis.com/upload/sites/dabzo/versions/037d4eb342558306/files/bfe27ec0f0788c0e854f58f5a414f5d66bab0ccb9f1eaf34e98eb836406e1e87 [stream]
[debug] [2026-08-25T20:20:46.916Z] <<< [apiv2][status] POST https://upload-firebasehosting.googleapis.com/upload/sites/dabzo/versions/037d4eb342558306/files/4ded0b39d6607b24eee338eec5a8de9af14d9201265b206bfd0f2b4f63fcee82 200
[debug] [2026-08-25T20:20:46.916Z] <<< [apiv2][body] POST https://upload-firebasehosting.googleapis.com/upload/sites/dabzo/versions/037d4eb342558306/files/4ded0b39d6607b24eee338eec5a8de9af14d9201265b206bfd0f2b4f63fcee82 [stream]
[debug] [2026-08-25T20:20:46.917Z] <<< [apiv2][status] POST https://upload-firebasehosting.googleapis.com/upload/sites/dabzo/versions/037d4eb342558306/files/016c9ac04677814fd671d972c4ce155243fbac10f9cd92341482c39f79cc208f 200
[debug] [2026-08-25T20:20:46.917Z] <<< [apiv2][body] POST https://upload-firebasehosting.googleapis.com/upload/sites/dabzo/versions/037d4eb342558306/files/016c9ac04677814fd671d972c4ce155243fbac10f9cd92341482c39f79cc208f [stream]
[debug] [2026-08-25T20:20:46.917Z] <<< [apiv2][status] POST https://upload-firebasehosting.googleapis.com/upload/sites/dabzo/versions/037d4eb342558306/files/db262c0a2aba69ecda02f8c2f7b0bbd172e88f7989b0aed7e3dc8a4955c69cb3 200
[debug] [2026-08-25T20:20:46.917Z] <<< [apiv2][body] POST https://upload-firebasehosting.googleapis.com/upload/sites/dabzo/versions/037d4eb342558306/files/db262c0a2aba69ecda02f8c2f7b0bbd172e88f7989b0aed7e3dc8a4955c69cb3 [stream]
[debug] [2026-08-25T20:20:46.917Z] <<< [apiv2][status] POST https://upload-firebasehosting.googleapis.com/upload/sites/dabzo/versions/037d4eb342558306/files/b73336ed06928596c1cbf71354279da9ef02b9bbaba55d4955827ac236b6649e 200
[debug] [2026-08-25T20:20:46.917Z] <<< [apiv2][body] POST https://upload-firebasehosting.googleapis.com/upload/sites/dabzo/versions/037d4eb342558306/files/b73336ed06928596c1cbf71354279da9ef02b9bbaba55d4955827ac236b6649e [stream]
[debug] [2026-08-25T20:20:46.917Z] <<< [apiv2][status] POST https://upload-firebasehosting.googleapis.com/upload/sites/dabzo/versions/037d4eb342558306/files/d89da4f924c12ea10ac14befd4c6465d6b6b5c2d3b679dec07d1860f52bc9575 200
[debug] [2026-08-25T20:20:46.917Z] <<< [apiv2][body] POST https://upload-firebasehosting.googleapis.com/upload/sites/dabzo/versions/037d4eb342558306/files/d89da4f924c12ea10ac14befd4c6465d6b6b5c2d3b679dec07d1860f52bc9575 [stream]
[debug] [2026-08-25T20:20:46.918Z] <<< [apiv2][status] POST https://upload-firebasehosting.googleapis.com/upload/sites/dabzo/versions/037d4eb342558306/files/fcfb6e320dd8fd222fb92848c2ca8465858723361a187ed009e490936e285e6b 200
[debug] [2026-08-25T20:20:46.918Z] <<< [apiv2][body] POST https://upload-firebasehosting.googleapis.com/upload/sites/dabzo/versions/037d4eb342558306/files/fcfb6e320dd8fd222fb92848c2ca8465858723361a187ed009e490936e285e6b [stream]
[debug] [2026-08-25T20:20:46.918Z] <<< [apiv2][status] POST https://upload-firebasehosting.googleapis.com/upload/sites/dabzo/versions/037d4eb342558306/files/5a0d6dcd5afcd7ca7eaa2372a608464b1d2520d541b1056dca753c9b8284061a 200
[debug] [2026-08-25T20:20:46.918Z] <<< [apiv2][body] POST https://upload-firebasehosting.googleapis.com/upload/sites/dabzo/versions/037d4eb342558306/files/5a0d6dcd5afcd7ca7eaa2372a608464b1d2520d541b1056dca753c9b8284061a [stream]
[debug] [2026-08-25T20:20:46.918Z] <<< [apiv2][status] POST https://upload-firebasehosting.googleapis.com/upload/sites/dabzo/versions/037d4eb342558306/files/b98e927bf3594a0afa47cfe11528d6d9e6436397182c60d01b0358f1aea602ab 200
[debug] [2026-08-25T20:20:46.918Z] <<< [apiv2][body] POST https://upload-firebasehosting.googleapis.com/upload/sites/dabzo/versions/037d4eb342558306/files/b98e927bf3594a0afa47cfe11528d6d9e6436397182c60d01b0358f1aea602ab [stream]
[debug] [2026-08-25T20:20:46.919Z] <<< [apiv2][status] POST https://upload-firebasehosting.googleapis.com/upload/sites/dabzo/versions/037d4eb342558306/files/454f6293515db8a76b28cb794111ae3b62498f4a962d2d6d1476387b8ef5bd63 200
[debug] [2026-08-25T20:20:46.919Z] <<< [apiv2][body] POST https://upload-firebasehosting.googleapis.com/upload/sites/dabzo/versions/037d4eb342558306/files/454f6293515db8a76b28cb794111ae3b62498f4a962d2d6d1476387b8ef5bd63 [stream]
[debug] [2026-08-25T20:20:46.919Z] <<< [apiv2][status] POST https://upload-firebasehosting.googleapis.com/upload/sites/dabzo/versions/037d4eb342558306/files/c406dd1090b35411d89814f7320753b1cea3429774721f7009894e28663f4c1e 200
[debug] [2026-08-25T20:20:46.919Z] <<< [apiv2][body] POST https://upload-firebasehosting.googleapis.com/upload/sites/dabzo/versions/037d4eb342558306/files/c406dd1090b35411d89814f7320753b1cea3429774721f7009894e28663f4c1e [stream]
[debug] [2026-08-25T20:20:46.919Z] <<< [apiv2][status] POST https://upload-firebasehosting.googleapis.com/upload/sites/dabzo/versions/037d4eb342558306/files/0b80eb63654492b18d40a86b674700d56aa1ba8bd45078e063c366773ecb402f 200
[debug] [2026-08-25T20:20:46.919Z] <<< [apiv2][body] POST https://upload-firebasehosting.googleapis.com/upload/sites/dabzo/versions/037d4eb342558306/files/0b80eb63654492b18d40a86b674700d56aa1ba8bd45078e063c366773ecb402f [stream]
[debug] [2026-08-25T20:20:46.919Z] <<< [apiv2][status] POST https://upload-firebasehosting.googleapis.com/upload/sites/dabzo/versions/037d4eb342558306/files/47fa183a90786d08e0a05ef9c7e1e9a4124baa3d668eebddbe7a92f35c5314e3 200
[debug] [2026-08-25T20:20:46.919Z] <<< [apiv2][body] POST https://upload-firebasehosting.googleapis.com/upload/sites/dabzo/versions/037d4eb342558306/files/47fa183a90786d08e0a05ef9c7e1e9a4124baa3d668eebddbe7a92f35c5314e3 [stream]
[debug] [2026-08-25T20:20:46.920Z] <<< [apiv2][status] POST https://upload-firebasehosting.googleapis.com/upload/sites/dabzo/versions/037d4eb342558306/files/0e79670d009780cf96aaf27bc36e6c431db9fd26fca52108d0757b82ea0fd323 200
[debug] [2026-08-25T20:20:46.920Z] <<< [apiv2][body] POST https://upload-firebasehosting.googleapis.com/upload/sites/dabzo/versions/037d4eb342558306/files/0e79670d009780cf96aaf27bc36e6c431db9fd26fca52108d0757b82ea0fd323 [stream]
[debug] [2026-08-25T20:20:46.920Z] <<< [apiv2][status] POST https://upload-firebasehosting.googleapis.com/upload/sites/dabzo/versions/037d4eb342558306/files/a92d2dcea68ae427d629084f0e63bf64b899ff4abb77ef758d76c2336b36d2fc 200
[debug] [2026-08-25T20:20:46.920Z] <<< [apiv2][body] POST https://upload-firebasehosting.googleapis.com/upload/sites/dabzo/versions/037d4eb342558306/files/a92d2dcea68ae427d629084f0e63bf64b899ff4abb77ef758d76c2336b36d2fc [stream]
[debug] [2026-08-25T20:20:46.920Z] <<< [apiv2][status] POST https://upload-firebasehosting.googleapis.com/upload/sites/dabzo/versions/037d4eb342558306/files/81f663d5c099c503bc2ffc4b80c0a42c65e325aa6ad4c6f08fe3a95473fdeaca 200
[debug] [2026-08-25T20:20:46.920Z] <<< [apiv2][body] POST https://upload-firebasehosting.googleapis.com/upload/sites/dabzo/versions/037d4eb342558306/files/81f663d5c099c503bc2ffc4b80c0a42c65e325aa6ad4c6f08fe3a95473fdeaca [stream]
[debug] [2026-08-25T20:20:46.920Z] <<< [apiv2][status] POST https://upload-firebasehosting.googleapis.com/upload/sites/dabzo/versions/037d4eb342558306/files/51b96e952f6b95eb7d34a68d30ba74e6d07d4e8e9819024ec1d8875312f32652 200
[debug] [2026-08-25T20:20:46.920Z] <<< [apiv2][body] POST https://upload-firebasehosting.googleapis.com/upload/sites/dabzo/versions/037d4eb342558306/files/51b96e952f6b95eb7d34a68d30ba74e6d07d4e8e9819024ec1d8875312f32652 [stream]
[debug] [2026-08-25T20:20:46.921Z] <<< [apiv2][status] POST https://upload-firebasehosting.googleapis.com/upload/sites/dabzo/versions/037d4eb342558306/files/eb02a4c04cad0ceb9c096d11ba7fb49a1e32d305aae76e4a447f9735dd2743ed 200
[debug] [2026-08-25T20:20:46.921Z] <<< [apiv2][body] POST https://upload-firebasehosting.googleapis.com/upload/sites/dabzo/versions/037d4eb342558306/files/eb02a4c04cad0ceb9c096d11ba7fb49a1e32d305aae76e4a447f9735dd2743ed [stream]
[debug] [2026-08-25T20:20:46.921Z] <<< [apiv2][status] POST https://upload-firebasehosting.googleapis.com/upload/sites/dabzo/versions/037d4eb342558306/files/48692db28fa8cdc96e196a97d6674676e115662803583b8d931cba8a15ba064c 200
[debug] [2026-08-25T20:20:46.921Z] <<< [apiv2][body] POST https://upload-firebasehosting.googleapis.com/upload/sites/dabzo/versions/037d4eb342558306/files/48692db28fa8cdc96e196a97d6674676e115662803583b8d931cba8a15ba064c [stream]
[debug] [2026-08-25T20:20:46.921Z] <<< [apiv2][status] POST https://upload-firebasehosting.googleapis.com/upload/sites/dabzo/versions/037d4eb342558306/files/99257d59d55f7cdd1e0aa20711acfa3ff3e2ede8ce6817a04eb86d4ef7ba756a 200
[debug] [2026-08-25T20:20:46.921Z] <<< [apiv2][body] POST https://upload-firebasehosting.googleapis.com/upload/sites/dabzo/versions/037d4eb342558306/files/99257d59d55f7cdd1e0aa20711acfa3ff3e2ede8ce6817a04eb86d4ef7ba756a [stream]
[debug] [2026-08-25T20:20:46.922Z] <<< [apiv2][status] POST https://upload-firebasehosting.googleapis.com/upload/sites/dabzo/versions/037d4eb342558306/files/3f4fd70851eb620e658f30d896c6de1d5d1d1d35af21836a3547b987ca32438a 200
[debug] [2026-08-25T20:20:46.922Z] <<< [apiv2][body] POST https://upload-firebasehosting.googleapis.com/upload/sites/dabzo/versions/037d4eb342558306/files/3f4fd70851eb620e658f30d896c6de1d5d1d1d35af21836a3547b987ca32438a [stream]
[debug] [2026-08-25T20:20:46.924Z] <<< [apiv2][status] POST https://upload-firebasehosting.googleapis.com/upload/sites/dabzo/versions/037d4eb342558306/files/876c3777157c10549dbf731406fe75b1b78e722a16d460f1eff508f88eec4d3a 200
[debug] [2026-08-25T20:20:46.925Z] <<< [apiv2][body] POST https://upload-firebasehosting.googleapis.com/upload/sites/dabzo/versions/037d4eb342558306/files/876c3777157c10549dbf731406fe75b1b78e722a16d460f1eff508f88eec4d3a [stream]
[debug] [2026-08-25T20:20:46.931Z] <<< [apiv2][status] POST https://upload-firebasehosting.googleapis.com/upload/sites/dabzo/versions/037d4eb342558306/files/43b06d6a93c95699cc090bae1ee916340981602965eef5fc06dc35abe0b2e3be 200
[debug] [2026-08-25T20:20:46.932Z] <<< [apiv2][body] POST https://upload-firebasehosting.googleapis.com/upload/sites/dabzo/versions/037d4eb342558306/files/43b06d6a93c95699cc090bae1ee916340981602965eef5fc06dc35abe0b2e3be [stream]
[debug] [2026-08-25T20:20:46.934Z] <<< [apiv2][status] POST https://upload-firebasehosting.googleapis.com/upload/sites/dabzo/versions/037d4eb342558306/files/85bfdfd6b73e5a96d4e7c2fd40567c235ae78fc03d78a718da5c85e791cb834e 200
[debug] [2026-08-25T20:20:46.934Z] <<< [apiv2][body] POST https://upload-firebasehosting.googleapis.com/upload/sites/dabzo/versions/037d4eb342558306/files/85bfdfd6b73e5a96d4e7c2fd40567c235ae78fc03d78a718da5c85e791cb834e [stream]
[debug] [2026-08-25T20:20:46.938Z] <<< [apiv2][status] POST https://upload-firebasehosting.googleapis.com/upload/sites/dabzo/versions/037d4eb342558306/files/90b4839c2836c0e6db2fd4d7d89fbfd14f902318315fcb098942c07c58a36ca8 200
[debug] [2026-08-25T20:20:46.938Z] <<< [apiv2][body] POST https://upload-firebasehosting.googleapis.com/upload/sites/dabzo/versions/037d4eb342558306/files/90b4839c2836c0e6db2fd4d7d89fbfd14f902318315fcb098942c07c58a36ca8 [stream]
[debug] [2026-08-25T20:20:46.948Z] <<< [apiv2][status] POST https://upload-firebasehosting.googleapis.com/upload/sites/dabzo/versions/037d4eb342558306/files/6eaf4ddba298b81a97972d73b48ea7964df79ffa6418fea03a5b9b1b76a9333b 200
[debug] [2026-08-25T20:20:46.948Z] <<< [apiv2][body] POST https://upload-firebasehosting.googleapis.com/upload/sites/dabzo/versions/037d4eb342558306/files/6eaf4ddba298b81a97972d73b48ea7964df79ffa6418fea03a5b9b1b76a9333b [stream]
[debug] [2026-08-25T20:20:46.949Z] <<< [apiv2][status] POST https://upload-firebasehosting.googleapis.com/upload/sites/dabzo/versions/037d4eb342558306/files/f2b75bd8728df26b2b86ad7640b14d5a9b7ad47d6c428f46c42ac3d9aa4cb327 200
[debug] [2026-08-25T20:20:46.949Z] <<< [apiv2][body] POST https://upload-firebasehosting.googleapis.com/upload/sites/dabzo/versions/037d4eb342558306/files/f2b75bd8728df26b2b86ad7640b14d5a9b7ad47d6c428f46c42ac3d9aa4cb327 [stream]
[debug] [2026-08-25T20:20:46.955Z] <<< [apiv2][status] POST https://upload-firebasehosting.googleapis.com/upload/sites/dabzo/versions/037d4eb342558306/files/df84aaa38e7c6064cc96edb8d3ed6034d04da97f243ae4a9b94748a89296bac1 200
[debug] [2026-08-25T20:20:46.955Z] <<< [apiv2][body] POST https://upload-firebasehosting.googleapis.com/upload/sites/dabzo/versions/037d4eb342558306/files/df84aaa38e7c6064cc96edb8d3ed6034d04da97f243ae4a9b94748a89296bac1 [stream]
[debug] [2026-08-25T20:20:46.959Z] <<< [apiv2][status] POST https://upload-firebasehosting.googleapis.com/upload/sites/dabzo/versions/037d4eb342558306/files/8d223ce59b879aa8eadacce08a71ca07dbb999197874c000f7b040129a20eaa6 200
[debug] [2026-08-25T20:20:46.960Z] <<< [apiv2][body] POST https://upload-firebasehosting.googleapis.com/upload/sites/dabzo/versions/037d4eb342558306/files/8d223ce59b879aa8eadacce08a71ca07dbb999197874c000f7b040129a20eaa6 [stream]
[debug] [2026-08-25T20:20:46.976Z] <<< [apiv2][status] POST https://upload-firebasehosting.googleapis.com/upload/sites/dabzo/versions/037d4eb342558306/files/c2f9bea9c1b20f06bdc4e7d97be4b5aa37e267ce51c7dfa4a3f6df69d0aae8fe 200
[debug] [2026-08-25T20:20:46.977Z] <<< [apiv2][body] POST https://upload-firebasehosting.googleapis.com/upload/sites/dabzo/versions/037d4eb342558306/files/c2f9bea9c1b20f06bdc4e7d97be4b5aa37e267ce51c7dfa4a3f6df69d0aae8fe [stream]
[debug] [2026-08-25T20:20:46.984Z] <<< [apiv2][status] POST https://upload-firebasehosting.googleapis.com/upload/sites/dabzo/versions/037d4eb342558306/files/256199a39efcd092dace44bdeabd01ea2cf3e431b2ce881ad1956c68dfcd7048 200
[debug] [2026-08-25T20:20:46.985Z] <<< [apiv2][body] POST https://upload-firebasehosting.googleapis.com/upload/sites/dabzo/versions/037d4eb342558306/files/256199a39efcd092dace44bdeabd01ea2cf3e431b2ce881ad1956c68dfcd7048 [stream]
[debug] [2026-08-25T20:20:46.992Z] <<< [apiv2][status] POST https://upload-firebasehosting.googleapis.com/upload/sites/dabzo/versions/037d4eb342558306/files/95afd8ee6d0631ba31f8fe5f684a0e059298ec889ea21d8e1cad2e5715a7fad1 200
[debug] [2026-08-25T20:20:46.992Z] <<< [apiv2][body] POST https://upload-firebasehosting.googleapis.com/upload/sites/dabzo/versions/037d4eb342558306/files/95afd8ee6d0631ba31f8fe5f684a0e059298ec889ea21d8e1cad2e5715a7fad1 [stream]
[debug] [2026-08-25T20:20:46.993Z] <<< [apiv2][status] POST https://upload-firebasehosting.googleapis.com/upload/sites/dabzo/versions/037d4eb342558306/files/3299a54a910cb05d3882e03693137d554b8a9991a7c0ddd34b69b31ea9ac7edf 200
[debug] [2026-08-25T20:20:46.993Z] <<< [apiv2][body] POST https://upload-firebasehosting.googleapis.com/upload/sites/dabzo/versions/037d4eb342558306/files/3299a54a910cb05d3882e03693137d554b8a9991a7c0ddd34b69b31ea9ac7edf [stream]
[debug] [2026-08-25T20:20:46.994Z] <<< [apiv2][status] POST https://upload-firebasehosting.googleapis.com/upload/sites/dabzo/versions/037d4eb342558306/files/0f524e243dac21eaaf3e044d21df54b19ed6c683a2da158758b77c41c5707df1 200
[debug] [2026-08-25T20:20:46.994Z] <<< [apiv2][body] POST https://upload-firebasehosting.googleapis.com/upload/sites/dabzo/versions/037d4eb342558306/files/0f524e243dac21eaaf3e044d21df54b19ed6c683a2da158758b77c41c5707df1 [stream]
[debug] [2026-08-25T20:20:47.015Z] <<< [apiv2][status] POST https://upload-firebasehosting.googleapis.com/upload/sites/dabzo/versions/037d4eb342558306/files/c88198175f190042801a277f11391527da63f66315091aff3ee1b5b9545da934 200
[debug] [2026-08-25T20:20:47.016Z] <<< [apiv2][body] POST https://upload-firebasehosting.googleapis.com/upload/sites/dabzo/versions/037d4eb342558306/files/c88198175f190042801a277f11391527da63f66315091aff3ee1b5b9545da934 [stream]
[debug] [2026-08-25T20:20:47.030Z] <<< [apiv2][status] POST https://upload-firebasehosting.googleapis.com/upload/sites/dabzo/versions/037d4eb342558306/files/5286144186d60d42ccf70a92eb956809c455cd649ed503021a6e37aaa44087cf 200
[debug] [2026-08-25T20:20:47.030Z] <<< [apiv2][body] POST https://upload-firebasehosting.googleapis.com/upload/sites/dabzo/versions/037d4eb342558306/files/5286144186d60d42ccf70a92eb956809c455cd649ed503021a6e37aaa44087cf [stream]
[debug] [2026-08-25T20:20:47.076Z] <<< [apiv2][status] POST https://upload-firebasehosting.googleapis.com/upload/sites/dabzo/versions/037d4eb342558306/files/7853e4c287bc4bb8a68bea4ccd04762e597fce7ef738e928edaa61c169b1f8a5 200
[debug] [2026-08-25T20:20:47.076Z] <<< [apiv2][body] POST https://upload-firebasehosting.googleapis.com/upload/sites/dabzo/versions/037d4eb342558306/files/7853e4c287bc4bb8a68bea4ccd04762e597fce7ef738e928edaa61c169b1f8a5 [stream]
[debug] [2026-08-25T20:20:47.084Z] <<< [apiv2][status] POST https://upload-firebasehosting.googleapis.com/upload/sites/dabzo/versions/037d4eb342558306/files/20798425ed2767eb91c8c3b943d2f15c8ff2af3761894e946d735c7ffe4e0026 200
[debug] [2026-08-25T20:20:47.084Z] <<< [apiv2][body] POST https://upload-firebasehosting.googleapis.com/upload/sites/dabzo/versions/037d4eb342558306/files/20798425ed2767eb91c8c3b943d2f15c8ff2af3761894e946d735c7ffe4e0026 [stream]
[debug] [2026-08-25T20:20:47.085Z] <<< [apiv2][status] POST https://upload-firebasehosting.googleapis.com/upload/sites/dabzo/versions/037d4eb342558306/files/e9cd96f6911323a74c05c21f9933fb8377d1a78f6cd8bf22d59bd8357010e500 200
[debug] [2026-08-25T20:20:47.085Z] <<< [apiv2][body] POST https://upload-firebasehosting.googleapis.com/upload/sites/dabzo/versions/037d4eb342558306/files/e9cd96f6911323a74c05c21f9933fb8377d1a78f6cd8bf22d59bd8357010e500 [stream]
[debug] [2026-08-25T20:20:47.089Z] <<< [apiv2][status] POST https://upload-firebasehosting.googleapis.com/upload/sites/dabzo/versions/037d4eb342558306/files/32bdf8f9eacb96d4b1398461286054c1067950e0d8cfd923a5b55e691babbf94 200
[debug] [2026-08-25T20:20:47.089Z] <<< [apiv2][body] POST https://upload-firebasehosting.googleapis.com/upload/sites/dabzo/versions/037d4eb342558306/files/32bdf8f9eacb96d4b1398461286054c1067950e0d8cfd923a5b55e691babbf94 [stream]
[debug] [2026-08-25T20:20:47.091Z] <<< [apiv2][status] POST https://upload-firebasehosting.googleapis.com/upload/sites/dabzo/versions/037d4eb342558306/files/3e330d30aa9c9b74bce8bab5dc059b80bac192ead76a9685ba0e43e80f22099b 200
[debug] [2026-08-25T20:20:47.091Z] <<< [apiv2][body] POST https://upload-firebasehosting.googleapis.com/upload/sites/dabzo/versions/037d4eb342558306/files/3e330d30aa9c9b74bce8bab5dc059b80bac192ead76a9685ba0e43e80f22099b [stream]
[debug] [2026-08-25T20:20:47.112Z] <<< [apiv2][status] POST https://upload-firebasehosting.googleapis.com/upload/sites/dabzo/versions/037d4eb342558306/files/075e0e0a52e7d84e41e32fc81a94b1913b63eb02a36b0001e677738c8a9e0af0 200
[debug] [2026-08-25T20:20:47.112Z] <<< [apiv2][body] POST https://upload-firebasehosting.googleapis.com/upload/sites/dabzo/versions/037d4eb342558306/files/075e0e0a52e7d84e41e32fc81a94b1913b63eb02a36b0001e677738c8a9e0af0 [stream]
[debug] [2026-08-25T20:20:47.113Z] <<< [apiv2][status] POST https://upload-firebasehosting.googleapis.com/upload/sites/dabzo/versions/037d4eb342558306/files/bc666372ee92a53bf48f2320396a0dad8085d666d6da5219c3948e0574b8af10 200
[debug] [2026-08-25T20:20:47.113Z] <<< [apiv2][body] POST https://upload-firebasehosting.googleapis.com/upload/sites/dabzo/versions/037d4eb342558306/files/bc666372ee92a53bf48f2320396a0dad8085d666d6da5219c3948e0574b8af10 [stream]
[debug] [2026-08-25T20:20:47.133Z] <<< [apiv2][status] POST https://upload-firebasehosting.googleapis.com/upload/sites/dabzo/versions/037d4eb342558306/files/55adb292f1c121288a4352d0ebc8e9c7bd78f38ca81f8f7df57feae35993001a 200
[debug] [2026-08-25T20:20:47.133Z] <<< [apiv2][body] POST https://upload-firebasehosting.googleapis.com/upload/sites/dabzo/versions/037d4eb342558306/files/55adb292f1c121288a4352d0ebc8e9c7bd78f38ca81f8f7df57feae35993001a [stream]
[debug] [2026-08-25T20:20:47.140Z] <<< [apiv2][status] POST https://upload-firebasehosting.googleapis.com/upload/sites/dabzo/versions/037d4eb342558306/files/118b995762153571ca649ddd3884ff893c2d1e00b15b3202e43604fd9b2dd046 200
[debug] [2026-08-25T20:20:47.140Z] <<< [apiv2][body] POST https://upload-firebasehosting.googleapis.com/upload/sites/dabzo/versions/037d4eb342558306/files/118b995762153571ca649ddd3884ff893c2d1e00b15b3202e43604fd9b2dd046 [stream]
[debug] [2026-08-25T20:20:47.221Z] <<< [apiv2][status] POST https://upload-firebasehosting.googleapis.com/upload/sites/dabzo/versions/037d4eb342558306/files/f5eaab316c024facc0abbf62c0ac4bcd7991e038abca89b6b6537ccb5a3cd1e1 200
[debug] [2026-08-25T20:20:47.221Z] <<< [apiv2][body] POST https://upload-firebasehosting.googleapis.com/upload/sites/dabzo/versions/037d4eb342558306/files/f5eaab316c024facc0abbf62c0ac4bcd7991e038abca89b6b6537ccb5a3cd1e1 [stream]
[debug] [2026-08-25T20:20:47.298Z] <<< [apiv2][status] POST https://upload-firebasehosting.googleapis.com/upload/sites/dabzo/versions/037d4eb342558306/files/f1371a059e7a5487cb79ce5d4d41f0a5565585d920bec9dae93cdadda650d728 200
[debug] [2026-08-25T20:20:47.298Z] <<< [apiv2][body] POST https://upload-firebasehosting.googleapis.com/upload/sites/dabzo/versions/037d4eb342558306/files/f1371a059e7a5487cb79ce5d4d41f0a5565585d920bec9dae93cdadda650d728 [stream]
[debug] [2026-08-25T20:20:47.308Z] <<< [apiv2][status] POST https://upload-firebasehosting.googleapis.com/upload/sites/dabzo/versions/037d4eb342558306/files/764f5de1e16d788fac51d64e40b7d3b0c35c7c0a8ba5a46bf3b1972b52f1c7be 200
[debug] [2026-08-25T20:20:47.308Z] <<< [apiv2][body] POST https://upload-firebasehosting.googleapis.com/upload/sites/dabzo/versions/037d4eb342558306/files/764f5de1e16d788fac51d64e40b7d3b0c35c7c0a8ba5a46bf3b1972b52f1c7be [stream]
[debug] [2026-08-25T20:20:47.396Z] <<< [apiv2][status] POST https://upload-firebasehosting.googleapis.com/upload/sites/dabzo/versions/037d4eb342558306/files/899d96d70b70aacb3525cfeb8f312786c7df255091b24a6091c7514b62c3a398 200
[debug] [2026-08-25T20:20:47.396Z] <<< [apiv2][body] POST https://upload-firebasehosting.googleapis.com/upload/sites/dabzo/versions/037d4eb342558306/files/899d96d70b70aacb3525cfeb8f312786c7df255091b24a6091c7514b62c3a398 [stream]
[debug] [2026-08-25T20:20:47.396Z] [hosting][upload queue][FINAL] {"max":2353,"min":1714,"avg":1927.5166666666667,"active":0,"complete":60,"success":60,"errored":0,"retried":0,"total":60,"elapsed":2354}
[info] i  hosting: upload complete 
[info] ✔  hosting[dabzo]: file upload complete 
[debug] [2026-08-25T20:20:47.397Z] [hosting] deploy completed after 3767ms
[info] i  hosting[dabzzo-vendor-panel]: beginning deploy... 
[info] i  hosting[dabzzo-vendor-panel]: found 185 files in apps/vendor-panel/out 
[debug] [2026-08-25T20:20:47.409Z] [hosting] uploading with 200 concurrency
[debug] [2026-08-25T20:20:47.474Z] Checked if tokens are valid: true, expires at: 1787690553759
[debug] [2026-08-25T20:20:47.474Z] Checked if tokens are valid: true, expires at: 1787690553759
[debug] [2026-08-25T20:20:47.474Z] [hosting] hash cache [YXBwcy92ZW5kb3ItcGFuZWwvb3V0] stored for 185 files
[debug] [2026-08-25T20:20:47.474Z] [hosting][hash queue][FINAL] {"max":61,"min":5,"avg":10.816216216216212,"active":0,"complete":185,"success":185,"errored":0,"retried":0,"total":185,"elapsed":63}
[debug] [2026-08-25T20:20:47.474Z] >>> [apiv2][query] POST https://firebasehosting.googleapis.com/v1beta1/projects/651368129597/sites/dabzzo-vendor-panel/versions/7c7c32911f5eca42:populateFiles [none]
[debug] [2026-08-25T20:20:47.474Z] >>> [apiv2][body] POST https://firebasehosting.googleapis.com/v1beta1/projects/651368129597/sites/dabzzo-vendor-panel/versions/7c7c32911f5eca42:populateFiles {"files":{"/sw.js":"e397764554b55257b886b4c20d8cc3ea19d5b4ad7572f927e37e2ec77e13a154","/support.txt":"82b5f3858c0de092e8221415d62ba3f2229080a140d787cf79522f32989825dc","/reviews.txt":"a299f17462a295f598e2321bb6de4b51b94932a525cb842540e4355b77f42783","/register.txt":"43033f42e99bd03de5b8299a6c88586fcf6432d9e38f741d047cab76b54a5dd6","/profile.txt":"b5509c1fb02982e3246fe69365b89beac862b125cad14ef3ee5ee84a38b96ddf","/manifest.json":"68eb39b9cd0a223eab7f7ee1b6a83ae41331e4e1cef127846aaf963bd22548ef","/reviews.html":"9b6e512f250d3a861f1399610d7bc8111002c1539ddcf7213841adab034d5717","/menu.txt":"767117aefd60672e3126a28dfbd283af39a0075f4abc21e8077283091215371e","/support.html":"fee3d5a92927cbb20dd1ce23101997cfd4f6ab9aefc3ad35014e38b3c926981e","/menu.html":"c264c03cd4f482ec609605989949918e9b2e9b349c3682ac8a349c7166491767","/register.html":"a4106765e02103595c314aa02a418f90fe9bf41a4b7364abdc3b7ff2c5607953","/profile.html":"7564f225a068929f180bd8b67a6b267c6b231c279403d34b1e90d7d70020b1b1","/index.txt":"5a7eaac14557e38b28aa0e97506bdc2672188aeaf67240c63add943ddd748db1","/login.txt":"d17af6e058f8a38d589932b8c3855268bda510b25a1bcceaa72d7135c224dc65","/login.html":"53623ce0a6fd0f5f30b4ffb3db5b4c8c372261545c7c7f529712fad92bed596f","/index.html":"05f2bbead55e9c6f64f337bee9c2a10a5d2faa3ca6c50ae6086de291715eb3ec","/icon-192.png":"eef8070ee49b7a4fa72314fce79986be7b656e25382c1e59c93fa41368261996","/firebase-messaging-sw.js":"157fd38d0c0b97ff8899e61fedf217348da0a122dbabb963ff561402c5c1290a","/discounts.txt":"1b34bb92db6c9f4decfeb23e60c1d733355d966dcc24d062e513277fac994df0","/favicon.ico":"7f867a22d1de176228393cb53e8ad99fc4ce5e8a84131210a32372361aaedb4d","/dashboard.txt":"7465d9ea655adb4044d95bcf9d302aea8e4e1f7febcff20e9f73893ab049e29c","/dashboard.html":"fe85c8b868dd145d28a474162c308ad69e7dba098e3c7f8b81833e529341a71b","/admin-login.txt":"90121d4589acd79b3895f7788411be95f6cef0ca9a8d3af227cf5997560ce2f8","/discounts.html":"457d77ec1265ede39a0d5611c3164bb1064fa3476dc5663ac67dc9e0e416ba0c","/_not-found.txt":"79078e04b60acb5c9e687ef3c1cb6f602aad8043b595a403f38b591ed90fd4aa","/__next._tree.txt":"8b26caa2ac10200e3d29a26218ae63d413ebf630e5ba2ad3fc8b4c0925dfab00","/_not-found.html":"647bfda80878679afb5eb7a5aa3888cdf47dbc7b147d88c640aa9b79daa22913","/__next._head.txt":"956f8dc56774f191101d07afd352d125976b601ff4d58852951ae3c3d89be7ff","/__next._index.txt":"6aeddb42d233670a9f1c115fd36549f743b0bd9a734d5ff76a365c344786dc36","/__next.__PAGE__.txt":"7dab8ce80d3c5e0b184f238dff16d887c66f0c91a9134561e84f9d141f098999","/__next._full.txt":"5a7eaac14557e38b28aa0e97506bdc2672188aeaf67240c63add943ddd748db1","/vendor/profile.txt":"90f8afb668732d38b4f64d34db1c85c277c2d69b45f1848ea673feddb7d19d0e","/admin-login.html":"98dd22d039705eb626b5f15a7311ce0ff305ab4dbc6f3bc9f0de04df74ab6d64","/vendor/menu.txt":"ddb0aa15fe112b9f2c99480e1f3143c754e2c8f94b70b723411a54269625d734","/vendor/dashboard.txt":"456000593bf1d7c9d9b124a8a8d59e77561e783a4f8ad0aff07d1efad0de5cd3","/vendor/profile/__next.vendor.txt":"edb593393f775833a3bd1f089d1689413e70badbecccba74051204796ffa3d03","/vendor/profile.html":"ebf2fe3bb0f952a49c336f9a2ca11242773f4e1a2633ac2249430ca6262d3aa0","/vendor/menu.html":"8f2184e7a37ec25dfa196fe18d9f6a9a2159142127dc9ee1f3a6eadd7449b177","/vendor/profile/__next.vendor.profile.txt":"edb593393f775833a3bd1f089d1689413e70badbecccba74051204796ffa3d03","/vendor/profile/__next.vendor.profile.__PAGE__.txt":"28b33506da216856e6e0e179b3c5c18ee258300114c40f68f2611ee37e7d65f1","/404.html":"647bfda80878679afb5eb7a5aa3888cdf47dbc7b147d88c640aa9b79daa22913","/vendor/dashboard.html":"d3c18579b57cae4265b2d1f7dfaa5d1cb727860c0e0a379a2ed2b8b3f07402dc","/logo-main-text.png":"0d05f6fc45d06ab9840068b95db9088e9befa16e90b245d221beeec5d1447a8c","/icon-512.png":"b7acdd337dd9185b40c34f9270de6a194d0d970425e1a5eea588ab54046e32a1","/logo.png":"4718edcaae62a9aa5d638d2eb107a1d8de7fc90da9157586b69ddd3177831159","/vendor/profile/__next._tree.txt":"851cfa760738170c2a04bc56eceff816067003086924f208e598aef380613768","/vendor/profile/__next._head.txt":"956f8dc56774f191101d07afd352d125976b601ff4d58852951ae3c3d89be7ff","/logo-vendor.png":"4718edcaae62a9aa5d638d2eb107a1d8de7fc90da9157586b69ddd3177831159","/vendor/menu/__next.vendor.menu.__PAGE__.txt":"b807f03cf1f28f297862d5dbde578d80199b913be81aaf81954050922cfac257","/vendor/profile/__next._full.txt":"90f8afb668732d38b4f64d34db1c85c277c2d69b45f1848ea673feddb7d19d0e","/vendor/menu/__next.vendor.menu.txt":"edb593393f775833a3bd1f089d1689413e70badbecccba74051204796ffa3d03","/vendor/menu/__next.vendor.txt":"edb593393f775833a3bd1f089d1689413e70badbecccba74051204796ffa3d03","/vendor/menu/__next._tree.txt":"0c4ceef77b81cb19037c3200c5535c9b054f486367cccba148a1ea7ceb275e3d","/vendor/menu/__next._head.txt":"956f8dc56774f191101d07afd352d125976b601ff4d58852951ae3c3d89be7ff","/vendor/dashboard/__next.vendor.dashboard.txt":"edb593393f775833a3bd1f089d1689413e70badbecccba74051204796ffa3d03","/vendor/profile/__next._index.txt":"6aeddb42d233670a9f1c115fd36549f743b0bd9a734d5ff76a365c344786dc36","/vendor/menu/__next._index.txt":"6aeddb42d233670a9f1c115fd36549f743b0bd9a734d5ff76a365c344786dc36","/vendor/dashboard/__next.vendor.dashboard.__PAGE__.txt":"a47a8211150e2596c332826e9068085b01ec5679928bf880890b9f0d166e192d","/vendor/dashboard/__next._tree.txt":"eaf91f7274d2015c0ab62b86c4430d0acfa4056fe4689eb16037484c5f4cd3ce","/vendor/dashboard/__next.vendor.txt":"edb593393f775833a3bd1f089d1689413e70badbecccba74051204796ffa3d03","/vendor/dashboard/__next._head.txt":"956f8dc56774f191101d07afd352d125976b601ff4d58852951ae3c3d89be7ff","/vendor/menu/__next._full.txt":"ddb0aa15fe112b9f2c99480e1f3143c754e2c8f94b70b723411a54269625d734","/support/__next.support.txt":"edb593393f775833a3bd1f089d1689413e70badbecccba74051204796ffa3d03","/support/__next._tree.txt":"320628375722f4f5a352fbdcdce43ce24812c33a5644e0a0dacf9dd5b5407156","/support/__next.support.__PAGE__.txt":"d41d777842d6397ee1c65a275156f84eb95d030674d8a7419e6db0ef0d785184","/support/__next._head.txt":"956f8dc56774f191101d07afd352d125976b601ff4d58852951ae3c3d89be7ff","/reviews/__next.reviews.txt":"edb593393f775833a3bd1f089d1689413e70badbecccba74051204796ffa3d03","/vendor/dashboard/__next._full.txt":"456000593bf1d7c9d9b124a8a8d59e77561e783a4f8ad0aff07d1efad0de5cd3","/reviews/__next._tree.txt":"e486e5cd0ba2ee7455b982a2269cf4a615703a56585fdde37b714b425565d734","/reviews/__next.reviews.__PAGE__.txt":"211a8c4f405743c6f00a6526583f4e29579536182ad99138011c67e67454c978","/support/__next._full.txt":"82b5f3858c0de092e8221415d62ba3f2229080a140d787cf79522f32989825dc","/support/__next._index.txt":"6aeddb42d233670a9f1c115fd36549f743b0bd9a734d5ff76a365c344786dc36","/reviews/__next._head.txt":"956f8dc56774f191101d07afd352d125976b601ff4d58852951ae3c3d89be7ff","/register/__next._tree.txt":"f05777593cccecf9bd2d305de0f93d19218f5ce577322173afa7c9986254a9b1","/reviews/__next._index.txt":"6aeddb42d233670a9f1c115fd36549f743b0bd9a734d5ff76a365c344786dc36","/reviews/__next._full.txt":"a299f17462a295f598e2321bb6de4b51b94932a525cb842540e4355b77f42783","/register/__next._head.txt":"956f8dc56774f191101d07afd352d125976b601ff4d58852951ae3c3d89be7ff","/register/__next._index.txt":"6aeddb42d233670a9f1c115fd36549f743b0bd9a734d5ff76a365c344786dc36","/register/__next.!KGF1dGgp.txt":"f653263b8f357e900d3f1dffca1200feb928ba3328a352d79cae0b7adde4c0f2","/register/__next.!KGF1dGgp.register.txt":"edb593393f775833a3bd1f089d1689413e70badbecccba74051204796ffa3d03","/register/__next._full.txt":"43033f42e99bd03de5b8299a6c88586fcf6432d9e38f741d047cab76b54a5dd6","/register/__next.!KGF1dGgp.register.__PAGE__.txt":"9e16eab4fe28dbfb2d37c7997153124c332509558b884b1b7c42c8c66e9858f2","/profile/__next.profile.txt":"edb593393f775833a3bd1f089d1689413e70badbecccba74051204796ffa3d03","/vendor/dashboard/__next._index.txt":"6aeddb42d233670a9f1c115fd36549f743b0bd9a734d5ff76a365c344786dc36","/profile/__next.profile.__PAGE__.txt":"47da84b9a4bfb56e5393ad3913cfa9049c0069f5778f7df122b96f38cd3f31f3","/profile/__next._tree.txt":"af381af1d5cc1ec6fa39cec39c62d9f1b98a22acff74b27a784fc13001949ad0","/profile/__next._index.txt":"6aeddb42d233670a9f1c115fd36549f743b0bd9a734d5ff76a365c344786dc36","/profile/__next._head.txt":"956f8dc56774f191101d07afd352d125976b601ff4d58852951ae3c3d89be7ff","/profile/__next._full.txt":"b5509c1fb02982e3246fe69365b89beac862b125cad14ef3ee5ee84a38b96ddf","/menu/__next.menu.txt":"edb593393f775833a3bd1f089d1689413e70badbecccba74051204796ffa3d03","/menu/__next.menu.__PAGE__.txt":"6dcd802654fdb2ddedc3a0e81b9ca3f632e2dc9f1212dcba84346cb6c6a10ac8","/menu/__next._tree.txt":"6a2268fbf04095f49eea0d285000eceac6ae912f0570304ba6fafacbc9a11cc0","/login/__next._tree.txt":"637671f8585e26858cfd6bdfee58634ab39fb52b1696d39e109310a40576e010","/menu/__next._head.txt":"956f8dc56774f191101d07afd352d125976b601ff4d58852951ae3c3d89be7ff","/login/__next._index.txt":"6aeddb42d233670a9f1c115fd36549f743b0bd9a734d5ff76a365c344786dc36","/menu/__next._full.txt":"767117aefd60672e3126a28dfbd283af39a0075f4abc21e8077283091215371e","/menu/__next._index.txt":"6aeddb42d233670a9f1c115fd36549f743b0bd9a734d5ff76a365c344786dc36","/login/__next._head.txt":"956f8dc56774f191101d07afd352d125976b601ff4d58852951ae3c3d89be7ff","/login/__next._full.txt":"d17af6e058f8a38d589932b8c3855268bda510b25a1bcceaa72d7135c224dc65","/login/__next.!KGF1dGgp.txt":"f653263b8f357e900d3f1dffca1200feb928ba3328a352d79cae0b7adde4c0f2","/login/__next.!KGF1dGgp.login.txt":"edb593393f775833a3bd1f089d1689413e70badbecccba74051204796ffa3d03","/login/__next.!KGF1dGgp.login.__PAGE__.txt":"9c59e2cd691863365bf75f16bcc2b02a363f97a3747bad8e8a084713f4ffca42","/discounts/__next.discounts.txt":"edb593393f775833a3bd1f089d1689413e70badbecccba74051204796ffa3d03","/discounts/__next.discounts.__PAGE__.txt":"5a44786e396972fbb09ea6607ef9cb4093159e12102f23b7f4f60e9adeada483","/discounts/__next._tree.txt":"3a591024415192dca2801213a7a74181ed6df317e7207022f87229e50a373e83","/discounts/__next._head.txt":"956f8dc56774f191101d07afd352d125976b601ff4d58852951ae3c3d89be7ff","/discounts/__next._index.txt":"6aeddb42d233670a9f1c115fd36549f743b0bd9a734d5ff76a365c344786dc36","/dashboard/__next.dashboard.txt":"edb593393f775833a3bd1f089d1689413e70badbecccba74051204796ffa3d03","/dashboard/__next.dashboard.__PAGE__.txt":"8122dbb5ac3348cc0276daa91ceac4a757ef04c7ce535c274c1a6a08017bc334","/dashboard/__next._tree.txt":"9a5f465eebf93bb34533e7814196a24f73fe6b54eb1a7c32911e8e0714dccc6e","/dashboard/__next._index.txt":"6aeddb42d233670a9f1c115fd36549f743b0bd9a734d5ff76a365c344786dc36","/dashboard/__next._head.txt":"956f8dc56774f191101d07afd352d125976b601ff4d58852951ae3c3d89be7ff","/discounts/__next._full.txt":"1b34bb92db6c9f4decfeb23e60c1d733355d966dcc24d062e513277fac994df0","/admin-login/__next._tree.txt":"f7df0d45c5d91dcf7e6bd5729fd4c0043a95eb5ee44224b77480ffbc41c7c98a","/dashboard/__next._full.txt":"7465d9ea655adb4044d95bcf9d302aea8e4e1f7febcff20e9f73893ab049e29c","/admin-login/__next._index.txt":"6aeddb42d233670a9f1c115fd36549f743b0bd9a734d5ff76a365c344786dc36","/admin-login/__next._head.txt":"956f8dc56774f191101d07afd352d125976b601ff4d58852951ae3c3d89be7ff","/admin-login/__next.!KGF1dGgp.txt":"f653263b8f357e900d3f1dffca1200feb928ba3328a352d79cae0b7adde4c0f2","/icon.png":"01bb16648e794619b132de47c625aa46f8d18d36c6101ffae4e432acfda768b5","/admin-login/__next.!KGF1dGgp.admin-login.txt":"edb593393f775833a3bd1f089d1689413e70badbecccba74051204796ffa3d03","/_not-found/__next._tree.txt":"eff50665281a2e8160dae3307b8956c94104df836422346edeb66ebb4313e5bf","/admin-login/__next.!KGF1dGgp.admin-login.__PAGE__.txt":"7cf1a1add18b96c51217835e46fb978a73d183fc77520884ef92eb4e150afe6c","/admin-login/__next._full.txt":"90121d4589acd79b3895f7788411be95f6cef0ca9a8d3af227cf5997560ce2f8","/_not-found/__next._not-found.txt":"edb593393f775833a3bd1f089d1689413e70badbecccba74051204796ffa3d03","/_not-found/__next._not-found.__PAGE__.txt":"c5cbcef0d62e70c05f87b9cea1b6a260979a1466d3291bf1e40003c43fdfcda2","/_not-found/__next._head.txt":"2ec9e3c51e3e186e6a89a77f5495a0ea8f259961cd7f2278dd31ee503585fc87","/_not-found/__next._full.txt":"79078e04b60acb5c9e687ef3c1cb6f602aad8043b595a403f38b591ed90fd4aa","/_not-found/__next._index.txt":"6aeddb42d233670a9f1c115fd36549f743b0bd9a734d5ff76a365c344786dc36","/_next/static/f6jRIyDC2YtocQECN1vZn/_ssgManifest.js":"02dbc1aeab6ef0a6ff2ff9a1643158cf9bb38929945eaa343a3627dee9ba6778","/_next/static/f6jRIyDC2YtocQECN1vZn/_clientMiddlewareManifest.js":"111d6778f1ad49c6d53d2afe18b83896c7f0692e57e7c959628d3b90d187a887","/_next/static/chunks/turbopack-0z-35hhjynfby.js":"9ba5c7d5f337e1a0e188ea29552edb6f037e74e40b8142ee01e9bc9aaeef029f","/_next/static/f6jRIyDC2YtocQECN1vZn/_buildManifest.js":"615bff88115b95e28f767491701e61ecffa7e94106127d229aa17a5905c320ed","/_next/static/chunks/17t-fgluia.rp.js":"1395103bccaebbbad230e0e4e10b533b520ead6aae1d0ebd5bd704feeb1c24ba","/_next/static/chunks/180lps7xkal8_.js":"0e825fed6af1d956b497e0ed1249ffbfc8dea5d77b7ee157fc6d1f08436f6626","/_next/static/chunks/17s1x~wf2h3xb.js":"58e3dd4cb34f536838d3e4ef632b3c1583271ccc807cd0d6b790bcdd9a11c670","/_next/static/chunks/13zba.z~tgqow.js":"550ab288144600f79afa4d215faf913fa0c8de66949c3bf5275e57ee51b63108","/_next/static/chunks/12f7enci~3m55.js":"fcfb6e320dd8fd222fb92848c2ca8465858723361a187ed009e490936e285e6b","/_next/static/chunks/13_7hzdu3j.4c.js":"b7c5112e5174ce77da170338495a254f9cdaeb334dcd5bfd31006c07a6082cd9","/_next/static/chunks/12bk0tj~ynv.s.js":"0eaebbdf9f3c7b28a487dc04887e0b30381f77dcaaf275eb8e9861ed86cf57d3","/_next/static/chunks/0~gbmqkylrno2.js":"1702bda82491961148f4219359a7bdd5313904cfb62b5b6d2e82e1ac79c628a1","/_next/static/chunks/0xm8dojziq_qg.js":"3938efd06b8c4ff7d863be9d179b1a52fdf49f0b0584e35ad99e7fb43753b4c2","/_next/static/chunks/0x4aysrxbqcb5.js":"87640eba5bba6dab9e638156782e4c4da0f5281825f00e6b9c6ae9f1fceaf6d5","/_next/static/chunks/12kujzqkxae22.js":"adc4219977e9cbc6d27c8c6914106af417f59e7a4d912f60577a079a9069863b","/_next/static/chunks/0w1umlnl.5x7v.js":"c30caf6794c7f5993c225c44da89ff2ac97b02ff445e317982653951c2576636","/_next/static/chunks/10jnc4ta_tngp.js":"a4fb86e8b5e1fe58fa5ec14836656f6b92d209a85c9f10bca61ff79ec3457b52","/_next/static/chunks/13nx3x25v3wls.js":"e420eb50a1c64774b6d65b8d6c89e108224a777b704f91587ba3475cc4d28771","/_next/static/chunks/0ubcc83hiigyo.js":"0282199abaafa5440b03c17dd0b7d3a6db89a5157bb02ee4af5ad56ffdb6ed5f","/_next/static/chunks/0vb~-xt9qk7.z.js":"092f7dd53cfc3eaf6b09d44eaee60896745ca4ed7e3cda5104bf3f66b1340f7a","/_next/static/chunks/0s2jx1s~bsf-3.js":"3be976a5884cdcd0c671d4eb7b46d411a054d151515a55528633e3332b0e439c","/_next/static/chunks/0n0yys30~-yf3.js":"5f43558a47a6080b5056847dd784b789b9f493757180b84208877c831f9610a0","/_next/static/chunks/0ml_4~uy7g.0x.js":"efe307deae75af0231bd9a60a367031e1b80382957de05ca0da9112f14a7e9b3","/_next/static/chunks/0pn5eydp3aql5.js":"04f3bd9f0599b43112181a68098a2e719b421ef0c6ce68cf2fdc395980b944a0","/_next/static/chunks/0pdhw2l~9c-ng.js":"aa0756a89057b363bcd3866932b5d2c7e6f08e987585b40ddf291f1012d132a5","/_next/static/chunks/0ltmknwj22n2x.js":"f8bbb2361aad201e37359720d656ebb892fb02713d34790502fc48bc806f259d","/assets/dabzzo-logo.png":"4718edcaae62a9aa5d638d2eb107a1d8de7fc90da9157586b69ddd3177831159","/_next/static/chunks/0hsud2td0k6pk.js":"76f611e5b34348f763d0934350b5249f2e7abd05f798101d88314d43c9b966a5","/_next/static/chunks/0kiffefqnww_p.js":"48692db28fa8cdc96e196a97d6674676e115662803583b8d931cba8a15ba064c","/_next/static/chunks/0gl8i4ghjpvex.js":"0ba7de52db5b18ed2520b8d9f8e28c55083249ed498bb56f2e88c5a722f581db","/_next/static/chunks/0gdtny6ltrpwg.js":"c3eb510c67cbf2c443c300bf283c116a9495c50b424e4876c94a0392c851fb08","/_next/static/chunks/0brj0qhjo3z9f.js":"63529ca899de822968099ba3f4546486816d126862a04bd25002718a78e03fa2","/_next/static/chunks/0krvd3~x18m3k.js":"0b23c9fc9c4bb363c64e12735aff7995585404d4871b27ccf875263b403733f6","/_next/static/chunks/0bdaoaj7oeimy.js":"0af1f215c119e18f6159cc7f61562f91e7c59ed2da7768b01dd5c1718b6128d9","/_next/static/chunks/0_kiuawouwabn.js":"06c7081c7bfab2e4d177ecad714a9db39761609e266084c9821d5735e04c73bf","/_next/static/chunks/082_y_9ipn419.js":"f0cae9c336f0990371c23b718cfb947d3c0ef76b6f91274a40cec372fc5919d3","/_next/static/chunks/0hdr~ujqt94cd.js":"3169909d66717781bf4d2074e48d5ec613d56fde5f03c453958f5782ae361e09","/_next/static/chunks/06q0b_rvb7b9n.js":"9fd67127984ced93584c6774f6fca0602a4a86caa1097fa14f61f97f9ec77e42","/_next/static/chunks/05yyy44p7mqo2.js":"1905fb4bfaa0ae6c8f6138df66c5ef88624dfa91514bf85ba548c70d63d7fb43","/_next/static/chunks/0445l8tw-5py..js":"a9d72878633667a98065edee462ca0cf279d1b3ba845a2464f01e94e2eea534d","/_next/static/chunks/0drqwz5~upz~k.js":"08bc74d3ef7a48c958f49d67f8ea8ecbfca2f30a4334a6a26c94e093480df587","/_next/static/chunks/0cw8g16gd80vb.js":"8c9aa71be4694f346a7fc6027ec470c0c77c6d0abc945ba6b477fab6465fde58","/_next/static/chunks/01rp.d5zkqyup.js":"a983a41066e8edbd69f768f06a2c5f9c93205f8c4127057fbe572a6063179d36","/_next/static/chunks/00m0lwsjhbl-v.js":"974703cbc5f702c7650526830106f36c6c8ef4cdad4947774b8bf53d5d206a7c","/_next/static/chunks/0-8o_wrmb8y5-.js":"5bd5eb549f033f332f728954bf440f2309871c249d09197dc0f9057becf32bf7","/_next/static/chunks/0g_7ueh3dv_k3.css":"8d5347a7f0d483c7deb11dbd488ac18a928609900e3afd94718d181e15a9786c","/_next/static/chunks/0--96yq~15c.k.js":"7256d3c651cb53d84982c46f5c50d584f3ca34e361dbb08d3322ce95c9907513","/_next/static/media/icon.0znq~ohx65t4h.png":"01bb16648e794619b132de47c625aa46f8d18d36c6101ffae4e432acfda768b5","/_next/static/chunks/0o_urckcz21w_.js":"fef1f0b3d5e71041108ea4f9dcdbc08c859210092c5cd7862d5cf68969627d49","/_next/static/chunks/0hjb61_qvx2ih.js":"bc3210e82e2f81f38a2ebfe810f1bd59b4fcf5767f92eb7fc690f40941ec190f","/_next/static/chunks/04l3yscgudkl-.js":"b34da358df5604c23bf4bde6a5827b50c817d78fd42990dbf28543b6b6cba9d6","/_next/static/chunks/03~yq9q893hmn.js":"bea630d9824beca22855271c757404b58bb7b410c52a5e7d58d69ff26d9ddd0b","/_next/static/chunks/0o--u-.s-p5vi.js":"1573482533f8ab459026c37ac6f924ddd2533e68a3a089d2353d082ac7cb1de7","/_next/static/chunks/115dqe~g6c5ut.js":"af09f529f5d895178111e4555c72ea650664e4d6d5ee89192be7a3d857090a32","/dabzzo_tiffin_box.png":"4ba3ba719480ca78d854b258823febc842841f9b1ff32f72bbcef2b5b5cfa9f5","/dabzzo_kitchen_partner.png":"a45931dcdea478ae6c752ec2950bc8510484fd6dfa4ad1c6220883c27ebe6e69","/dabzzo_delivery_rider.png":"822cd8f606c78d6211d1fa57f95156b0527000ae50e54b8d929cf0a1ba953721"}}
[debug] [2026-08-25T20:20:48.548Z] <<< [apiv2][status] POST https://firebasehosting.googleapis.com/v1beta1/projects/651368129597/sites/dabzzo-vendor-panel/versions/7c7c32911f5eca42:populateFiles 200
[debug] [2026-08-25T20:20:48.548Z] <<< [apiv2][body] POST https://firebasehosting.googleapis.com/v1beta1/projects/651368129597/sites/dabzzo-vendor-panel/versions/7c7c32911f5eca42:populateFiles {"uploadRequiredHashes":["9e16eab4fe28dbfb2d37c7997153124c332509558b884b1b7c42c8c66e9858f2","851cfa760738170c2a04bc56eceff816067003086924f208e598aef380613768","f05777593cccecf9bd2d305de0f93d19218f5ce577322173afa7c9986254a9b1","98dd22d039705eb626b5f15a7311ce0ff305ab4dbc6f3bc9f0de04df74ab6d64","af381af1d5cc1ec6fa39cec39c62d9f1b98a22acff74b27a784fc13001949ad0","48692db28fa8cdc96e196a97d6674676e115662803583b8d931cba8a15ba064c","f653263b8f357e900d3f1dffca1200feb928ba3328a352d79cae0b7adde4c0f2","90121d4589acd79b3895f7788411be95f6cef0ca9a8d3af227cf5997560ce2f8","b5509c1fb02982e3246fe69365b89beac862b125cad14ef3ee5ee84a38b96ddf","647bfda80878679afb5eb7a5aa3888cdf47dbc7b147d88c640aa9b79daa22913","767117aefd60672e3126a28dfbd283af39a0075f4abc21e8077283091215371e","7465d9ea655adb4044d95bcf9d302aea8e4e1f7febcff20e9f73893ab049e29c","ddb0aa15fe112b9f2c99480e1f3143c754e2c8f94b70b723411a54269625d734","8f2184e7a37ec25dfa196fe18d9f6a9a2159142127dc9ee1f3a6eadd7449b177","9a5f465eebf93bb34533e7814196a24f73fe6b54eb1a7c32911e8e0714dccc6e","2ec9e3c51e3e186e6a89a77f5495a0ea8f259961cd7f2278dd31ee503585fc87","eff50665281a2e8160dae3307b8956c94104df836422346edeb66ebb4313e5bf","a4106765e02103595c314aa02a418f90fe9bf41a4b7364abdc3b7ff2c5607953","e486e5cd0ba2ee7455b982a2269cf4a615703a56585fdde37b714b425565d734","6aeddb42d233670a9f1c115fd36549f743b0bd9a734d5ff76a365c344786dc36","43033f42e99bd03de5b8299a6c88586fcf6432d9e38f741d047cab76b54a5dd6","211a8c4f405743c6f00a6526583f4e29579536182ad99138011c67e67454c978","6a2268fbf04095f49eea0d285000eceac6ae912f0570304ba6fafacbc9a11cc0","637671f8585e26858cfd6bdfee58634ab39fb52b1696d39e109310a40576e010","a299f17462a295f598e2321bb6de4b51b94932a525cb842540e4355b77f42783","6dcd802654fdb2ddedc3a0e81b9ca3f632e2dc9f1212dcba84346cb6c6a10ac8","fe85c8b868dd145d28a474162c308ad69e7dba098e3c7f8b81833e529341a71b","0c4ceef77b81cb19037c3200c5535c9b054f486367cccba148a1ea7ceb275e3d","28b33506da216856e6e0e179b3c5c18ee258300114c40f68f2611ee37e7d65f1","05f2bbead55e9c6f64f337bee9c2a10a5d2faa3ca6c50ae6086de291715eb3ec","3a591024415192dca2801213a7a74181ed6df317e7207022f87229e50a373e83","d17af6e058f8a38d589932b8c3855268bda510b25a1bcceaa72d7135c224dc65","5a44786e396972fbb09ea6607ef9cb4093159e12102f23b7f4f60e9adeada483","8b26caa2ac10200e3d29a26218ae63d413ebf630e5ba2ad3fc8b4c0925dfab00","d3c18579b57cae4265b2d1f7dfaa5d1cb727860c0e0a379a2ed2b8b3f07402dc","7cf1a1add18b96c51217835e46fb978a73d183fc77520884ef92eb4e150afe6c","fcfb6e320dd8fd222fb92848c2ca8465858723361a187ed009e490936e285e6b","5a7eaac14557e38b28aa0e97506bdc2672188aeaf67240c63add943ddd748db1","320628375722f4f5a352fbdcdce43ce24812c33a5644e0a0dacf9dd5b5407156","79078e04b60acb5c9e687ef3c1cb6f602aad8043b595a403f38b591ed90fd4aa","ebf2fe3bb0f952a49c336f9a2ca11242773f4e1a2633ac2249430ca6262d3aa0","7564f225a068929f180bd8b67a6b267c6b231c279403d34b1e90d7d70020b1b1","90f8afb668732d38b4f64d34db1c85c277c2d69b45f1848ea673feddb7d19d0e","8d5347a7f0d483c7deb11dbd488ac18a928609900e3afd94718d181e15a9786c","457d77ec1265ede39a0d5611c3164bb1064fa3476dc5663ac67dc9e0e416ba0c","8122dbb5ac3348cc0276daa91ceac4a757ef04c7ce535c274c1a6a08017bc334","f7df0d45c5d91dcf7e6bd5729fd4c0043a95eb5ee44224b77480ffbc41c7c98a","47da84b9a4bfb56e5393ad3913cfa9049c0069f5778f7df122b96f38cd3f31f3","fee3d5a92927cbb20dd1ce23101997cfd4f6ab9aefc3ad35014e38b3c926981e","c264c03cd4f482ec609605989949918e9b2e9b349c3682ac8a349c7166491767","c5cbcef0d62e70c05f87b9cea1b6a260979a1466d3291bf1e40003c43fdfcda2","1b34bb92db6c9f4decfeb23e60c1d733355d966dcc24d062e513277fac994df0","eaf91f7274d2015c0ab62b86c4430d0acfa4056fe4689eb16037484c5f4cd3ce","d41d777842d6397ee1c65a275156f84eb95d030674d8a7419e6db0ef0d785184","a47a8211150e2596c332826e9068085b01ec5679928bf880890b9f0d166e192d","82b5f3858c0de092e8221415d62ba3f2229080a140d787cf79522f32989825dc","53623ce0a6fd0f5f30b4ffb3db5b4c8c372261545c7c7f529712fad92bed596f","0b23c9fc9c4bb363c64e12735aff7995585404d4871b27ccf875263b403733f6","9c59e2cd691863365bf75f16bcc2b02a363f97a3747bad8e8a084713f4ffca42","956f8dc56774f191101d07afd352d125976b601ff4d58852951ae3c3d89be7ff","9b6e512f250d3a861f1399610d7bc8111002c1539ddcf7213841adab034d5717","adc4219977e9cbc6d27c8c6914106af417f59e7a4d912f60577a079a9069863b","7dab8ce80d3c5e0b184f238dff16d887c66f0c91a9134561e84f9d141f098999","edb593393f775833a3bd1f089d1689413e70badbecccba74051204796ffa3d03","456000593bf1d7c9d9b124a8a8d59e77561e783a4f8ad0aff07d1efad0de5cd3","b807f03cf1f28f297862d5dbde578d80199b913be81aaf81954050922cfac257"],"uploadUrl":"https://upload-firebasehosting.googleapis.com/upload/sites/dabzzo-vendor-panel/versions/7c7c32911f5eca42/files"}
[debug] [2026-08-25T20:20:48.548Z] Checked if tokens are valid: true, expires at: 1787690553759
[debug] [2026-08-25T20:20:48.548Z] Checked if tokens are valid: true, expires at: 1787690553759
[debug] [2026-08-25T20:20:48.548Z] Checked if tokens are valid: true, expires at: 1787690553759
[debug] [2026-08-25T20:20:48.548Z] Checked if tokens are valid: true, expires at: 1787690553759
[debug] [2026-08-25T20:20:48.548Z] Checked if tokens are valid: true, expires at: 1787690553759
[debug] [2026-08-25T20:20:48.548Z] Checked if tokens are valid: true, expires at: 1787690553759
[debug] [2026-08-25T20:20:48.548Z] Checked if tokens are valid: true, expires at: 1787690553759
[debug] [2026-08-25T20:20:48.548Z] Checked if tokens are valid: true, expires at: 1787690553759
[debug] [2026-08-25T20:20:48.548Z] Checked if tokens are valid: true, expires at: 1787690553759
[debug] [2026-08-25T20:20:48.548Z] Checked if tokens are valid: true, expires at: 1787690553759
[debug] [2026-08-25T20:20:48.548Z] Checked if tokens are valid: true, expires at: 1787690553759
[debug] [2026-08-25T20:20:48.548Z] Checked if tokens are valid: true, expires at: 1787690553759
[debug] [2026-08-25T20:20:48.548Z] Checked if tokens are valid: true, expires at: 1787690553759
[debug] [2026-08-25T20:20:48.548Z] Checked if tokens are valid: true, expires at: 1787690553759
[debug] [2026-08-25T20:20:48.548Z] Checked if tokens are valid: true, expires at: 1787690553759
[debug] [2026-08-25T20:20:48.548Z] Checked if tokens are valid: true, expires at: 1787690553759
[debug] [2026-08-25T20:20:48.548Z] Checked if tokens are valid: true, expires at: 1787690553759
[debug] [2026-08-25T20:20:48.548Z] Checked if tokens are valid: true, expires at: 1787690553759
[debug] [2026-08-25T20:20:48.548Z] Checked if tokens are valid: true, expires at: 1787690553759
[debug] [2026-08-25T20:20:48.548Z] Checked if tokens are valid: true, expires at: 1787690553759
[debug] [2026-08-25T20:20:48.548Z] Checked if tokens are valid: true, expires at: 1787690553759
[debug] [2026-08-25T20:20:48.548Z] Checked if tokens are valid: true, expires at: 1787690553759
[debug] [2026-08-25T20:20:48.548Z] Checked if tokens are valid: true, expires at: 1787690553759
[debug] [2026-08-25T20:20:48.548Z] Checked if tokens are valid: true, expires at: 1787690553759
[debug] [2026-08-25T20:20:48.548Z] Checked if tokens are valid: true, expires at: 1787690553759
[debug] [2026-08-25T20:20:48.548Z] Checked if tokens are valid: true, expires at: 1787690553759
[debug] [2026-08-25T20:20:48.548Z] Checked if tokens are valid: true, expires at: 1787690553759
[debug] [2026-08-25T20:20:48.548Z] Checked if tokens are valid: true, expires at: 1787690553759
[debug] [2026-08-25T20:20:48.548Z] Checked if tokens are valid: true, expires at: 1787690553759
[debug] [2026-08-25T20:20:48.548Z] Checked if tokens are valid: true, expires at: 1787690553759
[debug] [2026-08-25T20:20:48.548Z] Checked if tokens are valid: true, expires at: 1787690553759
[debug] [2026-08-25T20:20:48.548Z] Checked if tokens are valid: true, expires at: 1787690553759
[debug] [2026-08-25T20:20:48.548Z] Checked if tokens are valid: true, expires at: 1787690553759
[debug] [2026-08-25T20:20:48.548Z] Checked if tokens are valid: true, expires at: 1787690553759
[debug] [2026-08-25T20:20:48.548Z] Checked if tokens are valid: true, expires at: 1787690553759
[debug] [2026-08-25T20:20:48.548Z] Checked if tokens are valid: true, expires at: 1787690553759
[debug] [2026-08-25T20:20:48.548Z] Checked if tokens are valid: true, expires at: 1787690553759
[debug] [2026-08-25T20:20:48.548Z] Checked if tokens are valid: true, expires at: 1787690553759
[debug] [2026-08-25T20:20:48.548Z] Checked if tokens are valid: true, expires at: 1787690553759
[debug] [2026-08-25T20:20:48.548Z] Checked if tokens are valid: true, expires at: 1787690553759
[debug] [2026-08-25T20:20:48.548Z] Checked if tokens are valid: true, expires at: 1787690553759
[debug] [2026-08-25T20:20:48.548Z] Checked if tokens are valid: true, expires at: 1787690553759
[debug] [2026-08-25T20:20:48.548Z] Checked if tokens are valid: true, expires at: 1787690553759
[debug] [2026-08-25T20:20:48.548Z] Checked if tokens are valid: true, expires at: 1787690553759
[debug] [2026-08-25T20:20:48.548Z] Checked if tokens are valid: true, expires at: 1787690553759
[debug] [2026-08-25T20:20:48.548Z] Checked if tokens are valid: true, expires at: 1787690553759
[debug] [2026-08-25T20:20:48.548Z] Checked if tokens are valid: true, expires at: 1787690553759
[debug] [2026-08-25T20:20:48.548Z] Checked if tokens are valid: true, expires at: 1787690553759
[debug] [2026-08-25T20:20:48.548Z] Checked if tokens are valid: true, expires at: 1787690553759
[debug] [2026-08-25T20:20:48.548Z] Checked if tokens are valid: true, expires at: 1787690553759
[debug] [2026-08-25T20:20:48.548Z] Checked if tokens are valid: true, expires at: 1787690553759
[debug] [2026-08-25T20:20:48.548Z] Checked if tokens are valid: true, expires at: 1787690553759
[debug] [2026-08-25T20:20:48.548Z] Checked if tokens are valid: true, expires at: 1787690553759
[debug] [2026-08-25T20:20:48.548Z] Checked if tokens are valid: true, expires at: 1787690553759
[debug] [2026-08-25T20:20:48.548Z] Checked if tokens are valid: true, expires at: 1787690553759
[debug] [2026-08-25T20:20:48.548Z] Checked if tokens are valid: true, expires at: 1787690553759
[debug] [2026-08-25T20:20:48.548Z] Checked if tokens are valid: true, expires at: 1787690553759
[debug] [2026-08-25T20:20:48.548Z] Checked if tokens are valid: true, expires at: 1787690553759
[debug] [2026-08-25T20:20:48.548Z] Checked if tokens are valid: true, expires at: 1787690553759
[debug] [2026-08-25T20:20:48.548Z] Checked if tokens are valid: true, expires at: 1787690553759
[debug] [2026-08-25T20:20:48.548Z] Checked if tokens are valid: true, expires at: 1787690553759
[debug] [2026-08-25T20:20:48.548Z] Checked if tokens are valid: true, expires at: 1787690553759
[debug] [2026-08-25T20:20:48.549Z] Checked if tokens are valid: true, expires at: 1787690553759
[debug] [2026-08-25T20:20:48.549Z] Checked if tokens are valid: true, expires at: 1787690553759
[debug] [2026-08-25T20:20:48.549Z] Checked if tokens are valid: true, expires at: 1787690553759
[debug] [2026-08-25T20:20:48.549Z] Checked if tokens are valid: true, expires at: 1787690553759
[debug] [2026-08-25T20:20:48.549Z] Checked if tokens are valid: true, expires at: 1787690553759
[debug] [2026-08-25T20:20:48.549Z] Checked if tokens are valid: true, expires at: 1787690553759
[debug] [2026-08-25T20:20:48.549Z] Checked if tokens are valid: true, expires at: 1787690553759
[debug] [2026-08-25T20:20:48.549Z] Checked if tokens are valid: true, expires at: 1787690553759
[debug] [2026-08-25T20:20:48.549Z] Checked if tokens are valid: true, expires at: 1787690553759
[debug] [2026-08-25T20:20:48.549Z] Checked if tokens are valid: true, expires at: 1787690553759
[debug] [2026-08-25T20:20:48.549Z] Checked if tokens are valid: true, expires at: 1787690553759
[debug] [2026-08-25T20:20:48.549Z] Checked if tokens are valid: true, expires at: 1787690553759
[debug] [2026-08-25T20:20:48.549Z] Checked if tokens are valid: true, expires at: 1787690553759
[debug] [2026-08-25T20:20:48.549Z] Checked if tokens are valid: true, expires at: 1787690553759
[debug] [2026-08-25T20:20:48.549Z] Checked if tokens are valid: true, expires at: 1787690553759
[debug] [2026-08-25T20:20:48.549Z] Checked if tokens are valid: true, expires at: 1787690553759
[debug] [2026-08-25T20:20:48.549Z] Checked if tokens are valid: true, expires at: 1787690553759
[debug] [2026-08-25T20:20:48.549Z] Checked if tokens are valid: true, expires at: 1787690553759
[debug] [2026-08-25T20:20:48.549Z] Checked if tokens are valid: true, expires at: 1787690553759
[debug] [2026-08-25T20:20:48.549Z] Checked if tokens are valid: true, expires at: 1787690553759
[debug] [2026-08-25T20:20:48.549Z] Checked if tokens are valid: true, expires at: 1787690553759
[debug] [2026-08-25T20:20:48.549Z] Checked if tokens are valid: true, expires at: 1787690553759
[debug] [2026-08-25T20:20:48.549Z] Checked if tokens are valid: true, expires at: 1787690553759
[debug] [2026-08-25T20:20:48.549Z] Checked if tokens are valid: true, expires at: 1787690553759
[debug] [2026-08-25T20:20:48.549Z] Checked if tokens are valid: true, expires at: 1787690553759
[debug] [2026-08-25T20:20:48.549Z] Checked if tokens are valid: true, expires at: 1787690553759
[debug] [2026-08-25T20:20:48.549Z] Checked if tokens are valid: true, expires at: 1787690553759
[debug] [2026-08-25T20:20:48.549Z] Checked if tokens are valid: true, expires at: 1787690553759
[debug] [2026-08-25T20:20:48.549Z] Checked if tokens are valid: true, expires at: 1787690553759
[debug] [2026-08-25T20:20:48.549Z] Checked if tokens are valid: true, expires at: 1787690553759
[debug] [2026-08-25T20:20:48.549Z] Checked if tokens are valid: true, expires at: 1787690553759
[debug] [2026-08-25T20:20:48.549Z] Checked if tokens are valid: true, expires at: 1787690553759
[debug] [2026-08-25T20:20:48.549Z] Checked if tokens are valid: true, expires at: 1787690553759
[debug] [2026-08-25T20:20:48.549Z] Checked if tokens are valid: true, expires at: 1787690553759
[debug] [2026-08-25T20:20:48.549Z] Checked if tokens are valid: true, expires at: 1787690553759
[debug] [2026-08-25T20:20:48.549Z] Checked if tokens are valid: true, expires at: 1787690553759
[debug] [2026-08-25T20:20:48.549Z] Checked if tokens are valid: true, expires at: 1787690553759
[debug] [2026-08-25T20:20:48.549Z] Checked if tokens are valid: true, expires at: 1787690553759
[debug] [2026-08-25T20:20:48.549Z] Checked if tokens are valid: true, expires at: 1787690553759
[debug] [2026-08-25T20:20:48.549Z] Checked if tokens are valid: true, expires at: 1787690553759
[debug] [2026-08-25T20:20:48.549Z] Checked if tokens are valid: true, expires at: 1787690553759
[debug] [2026-08-25T20:20:48.549Z] Checked if tokens are valid: true, expires at: 1787690553759
[debug] [2026-08-25T20:20:48.549Z] Checked if tokens are valid: true, expires at: 1787690553759
[debug] [2026-08-25T20:20:48.549Z] Checked if tokens are valid: true, expires at: 1787690553759
[debug] [2026-08-25T20:20:48.549Z] Checked if tokens are valid: true, expires at: 1787690553759
[debug] [2026-08-25T20:20:48.549Z] Checked if tokens are valid: true, expires at: 1787690553759
[debug] [2026-08-25T20:20:48.549Z] Checked if tokens are valid: true, expires at: 1787690553759
[debug] [2026-08-25T20:20:48.549Z] Checked if tokens are valid: true, expires at: 1787690553759
[debug] [2026-08-25T20:20:48.549Z] Checked if tokens are valid: true, expires at: 1787690553759
[debug] [2026-08-25T20:20:48.549Z] Checked if tokens are valid: true, expires at: 1787690553759
[debug] [2026-08-25T20:20:48.549Z] Checked if tokens are valid: true, expires at: 1787690553759
[debug] [2026-08-25T20:20:48.549Z] Checked if tokens are valid: true, expires at: 1787690553759
[debug] [2026-08-25T20:20:48.549Z] Checked if tokens are valid: true, expires at: 1787690553759
[debug] [2026-08-25T20:20:48.549Z] Checked if tokens are valid: true, expires at: 1787690553759
[debug] [2026-08-25T20:20:48.549Z] Checked if tokens are valid: true, expires at: 1787690553759
[debug] [2026-08-25T20:20:48.549Z] Checked if tokens are valid: true, expires at: 1787690553759
[debug] [2026-08-25T20:20:48.549Z] Checked if tokens are valid: true, expires at: 1787690553759
[debug] [2026-08-25T20:20:48.549Z] Checked if tokens are valid: true, expires at: 1787690553759
[debug] [2026-08-25T20:20:48.549Z] Checked if tokens are valid: true, expires at: 1787690553759
[debug] [2026-08-25T20:20:48.549Z] Checked if tokens are valid: true, expires at: 1787690553759
[debug] [2026-08-25T20:20:48.549Z] Checked if tokens are valid: true, expires at: 1787690553759
[debug] [2026-08-25T20:20:48.549Z] Checked if tokens are valid: true, expires at: 1787690553759
[debug] [2026-08-25T20:20:48.549Z] Checked if tokens are valid: true, expires at: 1787690553759
[debug] [2026-08-25T20:20:48.549Z] Checked if tokens are valid: true, expires at: 1787690553759
[debug] [2026-08-25T20:20:48.549Z] Checked if tokens are valid: true, expires at: 1787690553759
[debug] [2026-08-25T20:20:48.549Z] Checked if tokens are valid: true, expires at: 1787690553759
[debug] [2026-08-25T20:20:48.549Z] Checked if tokens are valid: true, expires at: 1787690553759
[debug] [2026-08-25T20:20:48.549Z] Checked if tokens are valid: true, expires at: 1787690553759
[debug] [2026-08-25T20:20:48.549Z] Checked if tokens are valid: true, expires at: 1787690553759
[debug] [2026-08-25T20:20:48.549Z] Checked if tokens are valid: true, expires at: 1787690553759
[debug] [2026-08-25T20:20:48.549Z] >>> [apiv2][query] POST https://upload-firebasehosting.googleapis.com/upload/sites/dabzzo-vendor-panel/versions/7c7c32911f5eca42/files/9e16eab4fe28dbfb2d37c7997153124c332509558b884b1b7c42c8c66e9858f2 [none]
[debug] [2026-08-25T20:20:48.549Z] >>> [apiv2][body] POST https://upload-firebasehosting.googleapis.com/upload/sites/dabzzo-vendor-panel/versions/7c7c32911f5eca42/files/9e16eab4fe28dbfb2d37c7997153124c332509558b884b1b7c42c8c66e9858f2 [stream]
[debug] [2026-08-25T20:20:48.549Z] >>> [apiv2][query] POST https://upload-firebasehosting.googleapis.com/upload/sites/dabzzo-vendor-panel/versions/7c7c32911f5eca42/files/851cfa760738170c2a04bc56eceff816067003086924f208e598aef380613768 [none]
[debug] [2026-08-25T20:20:48.549Z] >>> [apiv2][body] POST https://upload-firebasehosting.googleapis.com/upload/sites/dabzzo-vendor-panel/versions/7c7c32911f5eca42/files/851cfa760738170c2a04bc56eceff816067003086924f208e598aef380613768 [stream]
[debug] [2026-08-25T20:20:48.549Z] >>> [apiv2][query] POST https://upload-firebasehosting.googleapis.com/upload/sites/dabzzo-vendor-panel/versions/7c7c32911f5eca42/files/f05777593cccecf9bd2d305de0f93d19218f5ce577322173afa7c9986254a9b1 [none]
[debug] [2026-08-25T20:20:48.549Z] >>> [apiv2][body] POST https://upload-firebasehosting.googleapis.com/upload/sites/dabzzo-vendor-panel/versions/7c7c32911f5eca42/files/f05777593cccecf9bd2d305de0f93d19218f5ce577322173afa7c9986254a9b1 [stream]
[debug] [2026-08-25T20:20:48.550Z] >>> [apiv2][query] POST https://upload-firebasehosting.googleapis.com/upload/sites/dabzzo-vendor-panel/versions/7c7c32911f5eca42/files/98dd22d039705eb626b5f15a7311ce0ff305ab4dbc6f3bc9f0de04df74ab6d64 [none]
[debug] [2026-08-25T20:20:48.550Z] >>> [apiv2][body] POST https://upload-firebasehosting.googleapis.com/upload/sites/dabzzo-vendor-panel/versions/7c7c32911f5eca42/files/98dd22d039705eb626b5f15a7311ce0ff305ab4dbc6f3bc9f0de04df74ab6d64 [stream]
[debug] [2026-08-25T20:20:48.550Z] >>> [apiv2][query] POST https://upload-firebasehosting.googleapis.com/upload/sites/dabzzo-vendor-panel/versions/7c7c32911f5eca42/files/af381af1d5cc1ec6fa39cec39c62d9f1b98a22acff74b27a784fc13001949ad0 [none]
[debug] [2026-08-25T20:20:48.550Z] >>> [apiv2][body] POST https://upload-firebasehosting.googleapis.com/upload/sites/dabzzo-vendor-panel/versions/7c7c32911f5eca42/files/af381af1d5cc1ec6fa39cec39c62d9f1b98a22acff74b27a784fc13001949ad0 [stream]
[debug] [2026-08-25T20:20:48.550Z] >>> [apiv2][query] POST https://upload-firebasehosting.googleapis.com/upload/sites/dabzzo-vendor-panel/versions/7c7c32911f5eca42/files/48692db28fa8cdc96e196a97d6674676e115662803583b8d931cba8a15ba064c [none]
[debug] [2026-08-25T20:20:48.550Z] >>> [apiv2][body] POST https://upload-firebasehosting.googleapis.com/upload/sites/dabzzo-vendor-panel/versions/7c7c32911f5eca42/files/48692db28fa8cdc96e196a97d6674676e115662803583b8d931cba8a15ba064c [stream]
[debug] [2026-08-25T20:20:48.550Z] >>> [apiv2][query] POST https://upload-firebasehosting.googleapis.com/upload/sites/dabzzo-vendor-panel/versions/7c7c32911f5eca42/files/f653263b8f357e900d3f1dffca1200feb928ba3328a352d79cae0b7adde4c0f2 [none]
[debug] [2026-08-25T20:20:48.550Z] >>> [apiv2][body] POST https://upload-firebasehosting.googleapis.com/upload/sites/dabzzo-vendor-panel/versions/7c7c32911f5eca42/files/f653263b8f357e900d3f1dffca1200feb928ba3328a352d79cae0b7adde4c0f2 [stream]
[debug] [2026-08-25T20:20:48.550Z] >>> [apiv2][query] POST https://upload-firebasehosting.googleapis.com/upload/sites/dabzzo-vendor-panel/versions/7c7c32911f5eca42/files/90121d4589acd79b3895f7788411be95f6cef0ca9a8d3af227cf5997560ce2f8 [none]
[debug] [2026-08-25T20:20:48.550Z] >>> [apiv2][body] POST https://upload-firebasehosting.googleapis.com/upload/sites/dabzzo-vendor-panel/versions/7c7c32911f5eca42/files/90121d4589acd79b3895f7788411be95f6cef0ca9a8d3af227cf5997560ce2f8 [stream]
[debug] [2026-08-25T20:20:48.550Z] >>> [apiv2][query] POST https://upload-firebasehosting.googleapis.com/upload/sites/dabzzo-vendor-panel/versions/7c7c32911f5eca42/files/b5509c1fb02982e3246fe69365b89beac862b125cad14ef3ee5ee84a38b96ddf [none]
[debug] [2026-08-25T20:20:48.550Z] >>> [apiv2][body] POST https://upload-firebasehosting.googleapis.com/upload/sites/dabzzo-vendor-panel/versions/7c7c32911f5eca42/files/b5509c1fb02982e3246fe69365b89beac862b125cad14ef3ee5ee84a38b96ddf [stream]
[debug] [2026-08-25T20:20:48.550Z] >>> [apiv2][query] POST https://upload-firebasehosting.googleapis.com/upload/sites/dabzzo-vendor-panel/versions/7c7c32911f5eca42/files/647bfda80878679afb5eb7a5aa3888cdf47dbc7b147d88c640aa9b79daa22913 [none]
[debug] [2026-08-25T20:20:48.550Z] >>> [apiv2][body] POST https://upload-firebasehosting.googleapis.com/upload/sites/dabzzo-vendor-panel/versions/7c7c32911f5eca42/files/647bfda80878679afb5eb7a5aa3888cdf47dbc7b147d88c640aa9b79daa22913 [stream]
[debug] [2026-08-25T20:20:48.550Z] >>> [apiv2][query] POST https://upload-firebasehosting.googleapis.com/upload/sites/dabzzo-vendor-panel/versions/7c7c32911f5eca42/files/767117aefd60672e3126a28dfbd283af39a0075f4abc21e8077283091215371e [none]
[debug] [2026-08-25T20:20:48.550Z] >>> [apiv2][body] POST https://upload-firebasehosting.googleapis.com/upload/sites/dabzzo-vendor-panel/versions/7c7c32911f5eca42/files/767117aefd60672e3126a28dfbd283af39a0075f4abc21e8077283091215371e [stream]
[debug] [2026-08-25T20:20:48.550Z] >>> [apiv2][query] POST https://upload-firebasehosting.googleapis.com/upload/sites/dabzzo-vendor-panel/versions/7c7c32911f5eca42/files/7465d9ea655adb4044d95bcf9d302aea8e4e1f7febcff20e9f73893ab049e29c [none]
[debug] [2026-08-25T20:20:48.550Z] >>> [apiv2][body] POST https://upload-firebasehosting.googleapis.com/upload/sites/dabzzo-vendor-panel/versions/7c7c32911f5eca42/files/7465d9ea655adb4044d95bcf9d302aea8e4e1f7febcff20e9f73893ab049e29c [stream]
[debug] [2026-08-25T20:20:48.550Z] >>> [apiv2][query] POST https://upload-firebasehosting.googleapis.com/upload/sites/dabzzo-vendor-panel/versions/7c7c32911f5eca42/files/ddb0aa15fe112b9f2c99480e1f3143c754e2c8f94b70b723411a54269625d734 [none]
[debug] [2026-08-25T20:20:48.550Z] >>> [apiv2][body] POST https://upload-firebasehosting.googleapis.com/upload/sites/dabzzo-vendor-panel/versions/7c7c32911f5eca42/files/ddb0aa15fe112b9f2c99480e1f3143c754e2c8f94b70b723411a54269625d734 [stream]
[debug] [2026-08-25T20:20:48.550Z] >>> [apiv2][query] POST https://upload-firebasehosting.googleapis.com/upload/sites/dabzzo-vendor-panel/versions/7c7c32911f5eca42/files/8f2184e7a37ec25dfa196fe18d9f6a9a2159142127dc9ee1f3a6eadd7449b177 [none]
[debug] [2026-08-25T20:20:48.550Z] >>> [apiv2][body] POST https://upload-firebasehosting.googleapis.com/upload/sites/dabzzo-vendor-panel/versions/7c7c32911f5eca42/files/8f2184e7a37ec25dfa196fe18d9f6a9a2159142127dc9ee1f3a6eadd7449b177 [stream]
[debug] [2026-08-25T20:20:48.550Z] >>> [apiv2][query] POST https://upload-firebasehosting.googleapis.com/upload/sites/dabzzo-vendor-panel/versions/7c7c32911f5eca42/files/9a5f465eebf93bb34533e7814196a24f73fe6b54eb1a7c32911e8e0714dccc6e [none]
[debug] [2026-08-25T20:20:48.550Z] >>> [apiv2][body] POST https://upload-firebasehosting.googleapis.com/upload/sites/dabzzo-vendor-panel/versions/7c7c32911f5eca42/files/9a5f465eebf93bb34533e7814196a24f73fe6b54eb1a7c32911e8e0714dccc6e [stream]
[debug] [2026-08-25T20:20:48.550Z] >>> [apiv2][query] POST https://upload-firebasehosting.googleapis.com/upload/sites/dabzzo-vendor-panel/versions/7c7c32911f5eca42/files/2ec9e3c51e3e186e6a89a77f5495a0ea8f259961cd7f2278dd31ee503585fc87 [none]
[debug] [2026-08-25T20:20:48.550Z] >>> [apiv2][body] POST https://upload-firebasehosting.googleapis.com/upload/sites/dabzzo-vendor-panel/versions/7c7c32911f5eca42/files/2ec9e3c51e3e186e6a89a77f5495a0ea8f259961cd7f2278dd31ee503585fc87 [stream]
[debug] [2026-08-25T20:20:48.550Z] >>> [apiv2][query] POST https://upload-firebasehosting.googleapis.com/upload/sites/dabzzo-vendor-panel/versions/7c7c32911f5eca42/files/eff50665281a2e8160dae3307b8956c94104df836422346edeb66ebb4313e5bf [none]
[debug] [2026-08-25T20:20:48.550Z] >>> [apiv2][body] POST https://upload-firebasehosting.googleapis.com/upload/sites/dabzzo-vendor-panel/versions/7c7c32911f5eca42/files/eff50665281a2e8160dae3307b8956c94104df836422346edeb66ebb4313e5bf [stream]
[debug] [2026-08-25T20:20:48.550Z] >>> [apiv2][query] POST https://upload-firebasehosting.googleapis.com/upload/sites/dabzzo-vendor-panel/versions/7c7c32911f5eca42/files/a4106765e02103595c314aa02a418f90fe9bf41a4b7364abdc3b7ff2c5607953 [none]
[debug] [2026-08-25T20:20:48.550Z] >>> [apiv2][body] POST https://upload-firebasehosting.googleapis.com/upload/sites/dabzzo-vendor-panel/versions/7c7c32911f5eca42/files/a4106765e02103595c314aa02a418f90fe9bf41a4b7364abdc3b7ff2c5607953 [stream]
[debug] [2026-08-25T20:20:48.550Z] >>> [apiv2][query] POST https://upload-firebasehosting.googleapis.com/upload/sites/dabzzo-vendor-panel/versions/7c7c32911f5eca42/files/e486e5cd0ba2ee7455b982a2269cf4a615703a56585fdde37b714b425565d734 [none]
[debug] [2026-08-25T20:20:48.550Z] >>> [apiv2][body] POST https://upload-firebasehosting.googleapis.com/upload/sites/dabzzo-vendor-panel/versions/7c7c32911f5eca42/files/e486e5cd0ba2ee7455b982a2269cf4a615703a56585fdde37b714b425565d734 [stream]
[debug] [2026-08-25T20:20:48.550Z] >>> [apiv2][query] POST https://upload-firebasehosting.googleapis.com/upload/sites/dabzzo-vendor-panel/versions/7c7c32911f5eca42/files/6aeddb42d233670a9f1c115fd36549f743b0bd9a734d5ff76a365c344786dc36 [none]
[debug] [2026-08-25T20:20:48.550Z] >>> [apiv2][body] POST https://upload-firebasehosting.googleapis.com/upload/sites/dabzzo-vendor-panel/versions/7c7c32911f5eca42/files/6aeddb42d233670a9f1c115fd36549f743b0bd9a734d5ff76a365c344786dc36 [stream]
[debug] [2026-08-25T20:20:48.550Z] >>> [apiv2][query] POST https://upload-firebasehosting.googleapis.com/upload/sites/dabzzo-vendor-panel/versions/7c7c32911f5eca42/files/43033f42e99bd03de5b8299a6c88586fcf6432d9e38f741d047cab76b54a5dd6 [none]
[debug] [2026-08-25T20:20:48.550Z] >>> [apiv2][body] POST https://upload-firebasehosting.googleapis.com/upload/sites/dabzzo-vendor-panel/versions/7c7c32911f5eca42/files/43033f42e99bd03de5b8299a6c88586fcf6432d9e38f741d047cab76b54a5dd6 [stream]
[debug] [2026-08-25T20:20:48.550Z] >>> [apiv2][query] POST https://upload-firebasehosting.googleapis.com/upload/sites/dabzzo-vendor-panel/versions/7c7c32911f5eca42/files/211a8c4f405743c6f00a6526583f4e29579536182ad99138011c67e67454c978 [none]
[debug] [2026-08-25T20:20:48.550Z] >>> [apiv2][body] POST https://upload-firebasehosting.googleapis.com/upload/sites/dabzzo-vendor-panel/versions/7c7c32911f5eca42/files/211a8c4f405743c6f00a6526583f4e29579536182ad99138011c67e67454c978 [stream]
[debug] [2026-08-25T20:20:48.550Z] >>> [apiv2][query] POST https://upload-firebasehosting.googleapis.com/upload/sites/dabzzo-vendor-panel/versions/7c7c32911f5eca42/files/6a2268fbf04095f49eea0d285000eceac6ae912f0570304ba6fafacbc9a11cc0 [none]
[debug] [2026-08-25T20:20:48.550Z] >>> [apiv2][body] POST https://upload-firebasehosting.googleapis.com/upload/sites/dabzzo-vendor-panel/versions/7c7c32911f5eca42/files/6a2268fbf04095f49eea0d285000eceac6ae912f0570304ba6fafacbc9a11cc0 [stream]
[debug] [2026-08-25T20:20:48.550Z] >>> [apiv2][query] POST https://upload-firebasehosting.googleapis.com/upload/sites/dabzzo-vendor-panel/versions/7c7c32911f5eca42/files/637671f8585e26858cfd6bdfee58634ab39fb52b1696d39e109310a40576e010 [none]
[debug] [2026-08-25T20:20:48.550Z] >>> [apiv2][body] POST https://upload-firebasehosting.googleapis.com/upload/sites/dabzzo-vendor-panel/versions/7c7c32911f5eca42/files/637671f8585e26858cfd6bdfee58634ab39fb52b1696d39e109310a40576e010 [stream]
[debug] [2026-08-25T20:20:48.550Z] >>> [apiv2][query] POST https://upload-firebasehosting.googleapis.com/upload/sites/dabzzo-vendor-panel/versions/7c7c32911f5eca42/files/a299f17462a295f598e2321bb6de4b51b94932a525cb842540e4355b77f42783 [none]
[debug] [2026-08-25T20:20:48.550Z] >>> [apiv2][body] POST https://upload-firebasehosting.googleapis.com/upload/sites/dabzzo-vendor-panel/versions/7c7c32911f5eca42/files/a299f17462a295f598e2321bb6de4b51b94932a525cb842540e4355b77f42783 [stream]
[debug] [2026-08-25T20:20:48.550Z] >>> [apiv2][query] POST https://upload-firebasehosting.googleapis.com/upload/sites/dabzzo-vendor-panel/versions/7c7c32911f5eca42/files/6dcd802654fdb2ddedc3a0e81b9ca3f632e2dc9f1212dcba84346cb6c6a10ac8 [none]
[debug] [2026-08-25T20:20:48.550Z] >>> [apiv2][body] POST https://upload-firebasehosting.googleapis.com/upload/sites/dabzzo-vendor-panel/versions/7c7c32911f5eca42/files/6dcd802654fdb2ddedc3a0e81b9ca3f632e2dc9f1212dcba84346cb6c6a10ac8 [stream]
[debug] [2026-08-25T20:20:48.550Z] >>> [apiv2][query] POST https://upload-firebasehosting.googleapis.com/upload/sites/dabzzo-vendor-panel/versions/7c7c32911f5eca42/files/fe85c8b868dd145d28a474162c308ad69e7dba098e3c7f8b81833e529341a71b [none]
[debug] [2026-08-25T20:20:48.550Z] >>> [apiv2][body] POST https://upload-firebasehosting.googleapis.com/upload/sites/dabzzo-vendor-panel/versions/7c7c32911f5eca42/files/fe85c8b868dd145d28a474162c308ad69e7dba098e3c7f8b81833e529341a71b [stream]
[debug] [2026-08-25T20:20:48.550Z] >>> [apiv2][query] POST https://upload-firebasehosting.googleapis.com/upload/sites/dabzzo-vendor-panel/versions/7c7c32911f5eca42/files/0c4ceef77b81cb19037c3200c5535c9b054f486367cccba148a1ea7ceb275e3d [none]
[debug] [2026-08-25T20:20:48.550Z] >>> [apiv2][body] POST https://upload-firebasehosting.googleapis.com/upload/sites/dabzzo-vendor-panel/versions/7c7c32911f5eca42/files/0c4ceef77b81cb19037c3200c5535c9b054f486367cccba148a1ea7ceb275e3d [stream]
[debug] [2026-08-25T20:20:48.550Z] >>> [apiv2][query] POST https://upload-firebasehosting.googleapis.com/upload/sites/dabzzo-vendor-panel/versions/7c7c32911f5eca42/files/28b33506da216856e6e0e179b3c5c18ee258300114c40f68f2611ee37e7d65f1 [none]
[debug] [2026-08-25T20:20:48.550Z] >>> [apiv2][body] POST https://upload-firebasehosting.googleapis.com/upload/sites/dabzzo-vendor-panel/versions/7c7c32911f5eca42/files/28b33506da216856e6e0e179b3c5c18ee258300114c40f68f2611ee37e7d65f1 [stream]
[debug] [2026-08-25T20:20:48.551Z] >>> [apiv2][query] POST https://upload-firebasehosting.googleapis.com/upload/sites/dabzzo-vendor-panel/versions/7c7c32911f5eca42/files/05f2bbead55e9c6f64f337bee9c2a10a5d2faa3ca6c50ae6086de291715eb3ec [none]
[debug] [2026-08-25T20:20:48.551Z] >>> [apiv2][body] POST https://upload-firebasehosting.googleapis.com/upload/sites/dabzzo-vendor-panel/versions/7c7c32911f5eca42/files/05f2bbead55e9c6f64f337bee9c2a10a5d2faa3ca6c50ae6086de291715eb3ec [stream]
[debug] [2026-08-25T20:20:48.551Z] >>> [apiv2][query] POST https://upload-firebasehosting.googleapis.com/upload/sites/dabzzo-vendor-panel/versions/7c7c32911f5eca42/files/3a591024415192dca2801213a7a74181ed6df317e7207022f87229e50a373e83 [none]
[debug] [2026-08-25T20:20:48.551Z] >>> [apiv2][body] POST https://upload-firebasehosting.googleapis.com/upload/sites/dabzzo-vendor-panel/versions/7c7c32911f5eca42/files/3a591024415192dca2801213a7a74181ed6df317e7207022f87229e50a373e83 [stream]
[debug] [2026-08-25T20:20:48.551Z] >>> [apiv2][query] POST https://upload-firebasehosting.googleapis.com/upload/sites/dabzzo-vendor-panel/versions/7c7c32911f5eca42/files/d17af6e058f8a38d589932b8c3855268bda510b25a1bcceaa72d7135c224dc65 [none]
[debug] [2026-08-25T20:20:48.551Z] >>> [apiv2][body] POST https://upload-firebasehosting.googleapis.com/upload/sites/dabzzo-vendor-panel/versions/7c7c32911f5eca42/files/d17af6e058f8a38d589932b8c3855268bda510b25a1bcceaa72d7135c224dc65 [stream]
[debug] [2026-08-25T20:20:48.551Z] >>> [apiv2][query] POST https://upload-firebasehosting.googleapis.com/upload/sites/dabzzo-vendor-panel/versions/7c7c32911f5eca42/files/5a44786e396972fbb09ea6607ef9cb4093159e12102f23b7f4f60e9adeada483 [none]
[debug] [2026-08-25T20:20:48.551Z] >>> [apiv2][body] POST https://upload-firebasehosting.googleapis.com/upload/sites/dabzzo-vendor-panel/versions/7c7c32911f5eca42/files/5a44786e396972fbb09ea6607ef9cb4093159e12102f23b7f4f60e9adeada483 [stream]
[debug] [2026-08-25T20:20:48.551Z] >>> [apiv2][query] POST https://upload-firebasehosting.googleapis.com/upload/sites/dabzzo-vendor-panel/versions/7c7c32911f5eca42/files/8b26caa2ac10200e3d29a26218ae63d413ebf630e5ba2ad3fc8b4c0925dfab00 [none]
[debug] [2026-08-25T20:20:48.551Z] >>> [apiv2][body] POST https://upload-firebasehosting.googleapis.com/upload/sites/dabzzo-vendor-panel/versions/7c7c32911f5eca42/files/8b26caa2ac10200e3d29a26218ae63d413ebf630e5ba2ad3fc8b4c0925dfab00 [stream]
[debug] [2026-08-25T20:20:48.551Z] >>> [apiv2][query] POST https://upload-firebasehosting.googleapis.com/upload/sites/dabzzo-vendor-panel/versions/7c7c32911f5eca42/files/d3c18579b57cae4265b2d1f7dfaa5d1cb727860c0e0a379a2ed2b8b3f07402dc [none]
[debug] [2026-08-25T20:20:48.551Z] >>> [apiv2][body] POST https://upload-firebasehosting.googleapis.com/upload/sites/dabzzo-vendor-panel/versions/7c7c32911f5eca42/files/d3c18579b57cae4265b2d1f7dfaa5d1cb727860c0e0a379a2ed2b8b3f07402dc [stream]
[debug] [2026-08-25T20:20:48.551Z] >>> [apiv2][query] POST https://upload-firebasehosting.googleapis.com/upload/sites/dabzzo-vendor-panel/versions/7c7c32911f5eca42/files/7cf1a1add18b96c51217835e46fb978a73d183fc77520884ef92eb4e150afe6c [none]
[debug] [2026-08-25T20:20:48.551Z] >>> [apiv2][body] POST https://upload-firebasehosting.googleapis.com/upload/sites/dabzzo-vendor-panel/versions/7c7c32911f5eca42/files/7cf1a1add18b96c51217835e46fb978a73d183fc77520884ef92eb4e150afe6c [stream]
[debug] [2026-08-25T20:20:48.551Z] >>> [apiv2][query] POST https://upload-firebasehosting.googleapis.com/upload/sites/dabzzo-vendor-panel/versions/7c7c32911f5eca42/files/fcfb6e320dd8fd222fb92848c2ca8465858723361a187ed009e490936e285e6b [none]
[debug] [2026-08-25T20:20:48.551Z] >>> [apiv2][body] POST https://upload-firebasehosting.googleapis.com/upload/sites/dabzzo-vendor-panel/versions/7c7c32911f5eca42/files/fcfb6e320dd8fd222fb92848c2ca8465858723361a187ed009e490936e285e6b [stream]
[debug] [2026-08-25T20:20:48.551Z] >>> [apiv2][query] POST https://upload-firebasehosting.googleapis.com/upload/sites/dabzzo-vendor-panel/versions/7c7c32911f5eca42/files/5a7eaac14557e38b28aa0e97506bdc2672188aeaf67240c63add943ddd748db1 [none]
[debug] [2026-08-25T20:20:48.551Z] >>> [apiv2][body] POST https://upload-firebasehosting.googleapis.com/upload/sites/dabzzo-vendor-panel/versions/7c7c32911f5eca42/files/5a7eaac14557e38b28aa0e97506bdc2672188aeaf67240c63add943ddd748db1 [stream]
[debug] [2026-08-25T20:20:48.551Z] >>> [apiv2][query] POST https://upload-firebasehosting.googleapis.com/upload/sites/dabzzo-vendor-panel/versions/7c7c32911f5eca42/files/320628375722f4f5a352fbdcdce43ce24812c33a5644e0a0dacf9dd5b5407156 [none]
[debug] [2026-08-25T20:20:48.551Z] >>> [apiv2][body] POST https://upload-firebasehosting.googleapis.com/upload/sites/dabzzo-vendor-panel/versions/7c7c32911f5eca42/files/320628375722f4f5a352fbdcdce43ce24812c33a5644e0a0dacf9dd5b5407156 [stream]
[debug] [2026-08-25T20:20:48.551Z] >>> [apiv2][query] POST https://upload-firebasehosting.googleapis.com/upload/sites/dabzzo-vendor-panel/versions/7c7c32911f5eca42/files/79078e04b60acb5c9e687ef3c1cb6f602aad8043b595a403f38b591ed90fd4aa [none]
[debug] [2026-08-25T20:20:48.551Z] >>> [apiv2][body] POST https://upload-firebasehosting.googleapis.com/upload/sites/dabzzo-vendor-panel/versions/7c7c32911f5eca42/files/79078e04b60acb5c9e687ef3c1cb6f602aad8043b595a403f38b591ed90fd4aa [stream]
[debug] [2026-08-25T20:20:48.551Z] >>> [apiv2][query] POST https://upload-firebasehosting.googleapis.com/upload/sites/dabzzo-vendor-panel/versions/7c7c32911f5eca42/files/ebf2fe3bb0f952a49c336f9a2ca11242773f4e1a2633ac2249430ca6262d3aa0 [none]
[debug] [2026-08-25T20:20:48.551Z] >>> [apiv2][body] POST https://upload-firebasehosting.googleapis.com/upload/sites/dabzzo-vendor-panel/versions/7c7c32911f5eca42/files/ebf2fe3bb0f952a49c336f9a2ca11242773f4e1a2633ac2249430ca6262d3aa0 [stream]
[debug] [2026-08-25T20:20:48.551Z] >>> [apiv2][query] POST https://upload-firebasehosting.googleapis.com/upload/sites/dabzzo-vendor-panel/versions/7c7c32911f5eca42/files/7564f225a068929f180bd8b67a6b267c6b231c279403d34b1e90d7d70020b1b1 [none]
[debug] [2026-08-25T20:20:48.551Z] >>> [apiv2][body] POST https://upload-firebasehosting.googleapis.com/upload/sites/dabzzo-vendor-panel/versions/7c7c32911f5eca42/files/7564f225a068929f180bd8b67a6b267c6b231c279403d34b1e90d7d70020b1b1 [stream]
[debug] [2026-08-25T20:20:48.551Z] >>> [apiv2][query] POST https://upload-firebasehosting.googleapis.com/upload/sites/dabzzo-vendor-panel/versions/7c7c32911f5eca42/files/90f8afb668732d38b4f64d34db1c85c277c2d69b45f1848ea673feddb7d19d0e [none]
[debug] [2026-08-25T20:20:48.551Z] >>> [apiv2][body] POST https://upload-firebasehosting.googleapis.com/upload/sites/dabzzo-vendor-panel/versions/7c7c32911f5eca42/files/90f8afb668732d38b4f64d34db1c85c277c2d69b45f1848ea673feddb7d19d0e [stream]
[debug] [2026-08-25T20:20:48.551Z] >>> [apiv2][query] POST https://upload-firebasehosting.googleapis.com/upload/sites/dabzzo-vendor-panel/versions/7c7c32911f5eca42/files/8d5347a7f0d483c7deb11dbd488ac18a928609900e3afd94718d181e15a9786c [none]
[debug] [2026-08-25T20:20:48.551Z] >>> [apiv2][body] POST https://upload-firebasehosting.googleapis.com/upload/sites/dabzzo-vendor-panel/versions/7c7c32911f5eca42/files/8d5347a7f0d483c7deb11dbd488ac18a928609900e3afd94718d181e15a9786c [stream]
[debug] [2026-08-25T20:20:48.551Z] >>> [apiv2][query] POST https://upload-firebasehosting.googleapis.com/upload/sites/dabzzo-vendor-panel/versions/7c7c32911f5eca42/files/457d77ec1265ede39a0d5611c3164bb1064fa3476dc5663ac67dc9e0e416ba0c [none]
[debug] [2026-08-25T20:20:48.551Z] >>> [apiv2][body] POST https://upload-firebasehosting.googleapis.com/upload/sites/dabzzo-vendor-panel/versions/7c7c32911f5eca42/files/457d77ec1265ede39a0d5611c3164bb1064fa3476dc5663ac67dc9e0e416ba0c [stream]
[debug] [2026-08-25T20:20:48.551Z] >>> [apiv2][query] POST https://upload-firebasehosting.googleapis.com/upload/sites/dabzzo-vendor-panel/versions/7c7c32911f5eca42/files/8122dbb5ac3348cc0276daa91ceac4a757ef04c7ce535c274c1a6a08017bc334 [none]
[debug] [2026-08-25T20:20:48.551Z] >>> [apiv2][body] POST https://upload-firebasehosting.googleapis.com/upload/sites/dabzzo-vendor-panel/versions/7c7c32911f5eca42/files/8122dbb5ac3348cc0276daa91ceac4a757ef04c7ce535c274c1a6a08017bc334 [stream]
[debug] [2026-08-25T20:20:48.551Z] >>> [apiv2][query] POST https://upload-firebasehosting.googleapis.com/upload/sites/dabzzo-vendor-panel/versions/7c7c32911f5eca42/files/f7df0d45c5d91dcf7e6bd5729fd4c0043a95eb5ee44224b77480ffbc41c7c98a [none]
[debug] [2026-08-25T20:20:48.551Z] >>> [apiv2][body] POST https://upload-firebasehosting.googleapis.com/upload/sites/dabzzo-vendor-panel/versions/7c7c32911f5eca42/files/f7df0d45c5d91dcf7e6bd5729fd4c0043a95eb5ee44224b77480ffbc41c7c98a [stream]
[debug] [2026-08-25T20:20:48.551Z] >>> [apiv2][query] POST https://upload-firebasehosting.googleapis.com/upload/sites/dabzzo-vendor-panel/versions/7c7c32911f5eca42/files/47da84b9a4bfb56e5393ad3913cfa9049c0069f5778f7df122b96f38cd3f31f3 [none]
[debug] [2026-08-25T20:20:48.551Z] >>> [apiv2][body] POST https://upload-firebasehosting.googleapis.com/upload/sites/dabzzo-vendor-panel/versions/7c7c32911f5eca42/files/47da84b9a4bfb56e5393ad3913cfa9049c0069f5778f7df122b96f38cd3f31f3 [stream]
[debug] [2026-08-25T20:20:48.551Z] >>> [apiv2][query] POST https://upload-firebasehosting.googleapis.com/upload/sites/dabzzo-vendor-panel/versions/7c7c32911f5eca42/files/fee3d5a92927cbb20dd1ce23101997cfd4f6ab9aefc3ad35014e38b3c926981e [none]
[debug] [2026-08-25T20:20:48.551Z] >>> [apiv2][body] POST https://upload-firebasehosting.googleapis.com/upload/sites/dabzzo-vendor-panel/versions/7c7c32911f5eca42/files/fee3d5a92927cbb20dd1ce23101997cfd4f6ab9aefc3ad35014e38b3c926981e [stream]
[debug] [2026-08-25T20:20:48.551Z] >>> [apiv2][query] POST https://upload-firebasehosting.googleapis.com/upload/sites/dabzzo-vendor-panel/versions/7c7c32911f5eca42/files/c264c03cd4f482ec609605989949918e9b2e9b349c3682ac8a349c7166491767 [none]
[debug] [2026-08-25T20:20:48.551Z] >>> [apiv2][body] POST https://upload-firebasehosting.googleapis.com/upload/sites/dabzzo-vendor-panel/versions/7c7c32911f5eca42/files/c264c03cd4f482ec609605989949918e9b2e9b349c3682ac8a349c7166491767 [stream]
[debug] [2026-08-25T20:20:48.551Z] >>> [apiv2][query] POST https://upload-firebasehosting.googleapis.com/upload/sites/dabzzo-vendor-panel/versions/7c7c32911f5eca42/files/c5cbcef0d62e70c05f87b9cea1b6a260979a1466d3291bf1e40003c43fdfcda2 [none]
[debug] [2026-08-25T20:20:48.551Z] >>> [apiv2][body] POST https://upload-firebasehosting.googleapis.com/upload/sites/dabzzo-vendor-panel/versions/7c7c32911f5eca42/files/c5cbcef0d62e70c05f87b9cea1b6a260979a1466d3291bf1e40003c43fdfcda2 [stream]
[debug] [2026-08-25T20:20:48.551Z] >>> [apiv2][query] POST https://upload-firebasehosting.googleapis.com/upload/sites/dabzzo-vendor-panel/versions/7c7c32911f5eca42/files/1b34bb92db6c9f4decfeb23e60c1d733355d966dcc24d062e513277fac994df0 [none]
[debug] [2026-08-25T20:20:48.551Z] >>> [apiv2][body] POST https://upload-firebasehosting.googleapis.com/upload/sites/dabzzo-vendor-panel/versions/7c7c32911f5eca42/files/1b34bb92db6c9f4decfeb23e60c1d733355d966dcc24d062e513277fac994df0 [stream]
[debug] [2026-08-25T20:20:48.551Z] >>> [apiv2][query] POST https://upload-firebasehosting.googleapis.com/upload/sites/dabzzo-vendor-panel/versions/7c7c32911f5eca42/files/eaf91f7274d2015c0ab62b86c4430d0acfa4056fe4689eb16037484c5f4cd3ce [none]
[debug] [2026-08-25T20:20:48.551Z] >>> [apiv2][body] POST https://upload-firebasehosting.googleapis.com/upload/sites/dabzzo-vendor-panel/versions/7c7c32911f5eca42/files/eaf91f7274d2015c0ab62b86c4430d0acfa4056fe4689eb16037484c5f4cd3ce [stream]
[debug] [2026-08-25T20:20:48.551Z] >>> [apiv2][query] POST https://upload-firebasehosting.googleapis.com/upload/sites/dabzzo-vendor-panel/versions/7c7c32911f5eca42/files/d41d777842d6397ee1c65a275156f84eb95d030674d8a7419e6db0ef0d785184 [none]
[debug] [2026-08-25T20:20:48.551Z] >>> [apiv2][body] POST https://upload-firebasehosting.googleapis.com/upload/sites/dabzzo-vendor-panel/versions/7c7c32911f5eca42/files/d41d777842d6397ee1c65a275156f84eb95d030674d8a7419e6db0ef0d785184 [stream]
[debug] [2026-08-25T20:20:48.551Z] >>> [apiv2][query] POST https://upload-firebasehosting.googleapis.com/upload/sites/dabzzo-vendor-panel/versions/7c7c32911f5eca42/files/a47a8211150e2596c332826e9068085b01ec5679928bf880890b9f0d166e192d [none]
[debug] [2026-08-25T20:20:48.551Z] >>> [apiv2][body] POST https://upload-firebasehosting.googleapis.com/upload/sites/dabzzo-vendor-panel/versions/7c7c32911f5eca42/files/a47a8211150e2596c332826e9068085b01ec5679928bf880890b9f0d166e192d [stream]
[debug] [2026-08-25T20:20:48.551Z] >>> [apiv2][query] POST https://upload-firebasehosting.googleapis.com/upload/sites/dabzzo-vendor-panel/versions/7c7c32911f5eca42/files/82b5f3858c0de092e8221415d62ba3f2229080a140d787cf79522f32989825dc [none]
[debug] [2026-08-25T20:20:48.551Z] >>> [apiv2][body] POST https://upload-firebasehosting.googleapis.com/upload/sites/dabzzo-vendor-panel/versions/7c7c32911f5eca42/files/82b5f3858c0de092e8221415d62ba3f2229080a140d787cf79522f32989825dc [stream]
[debug] [2026-08-25T20:20:48.551Z] >>> [apiv2][query] POST https://upload-firebasehosting.googleapis.com/upload/sites/dabzzo-vendor-panel/versions/7c7c32911f5eca42/files/53623ce0a6fd0f5f30b4ffb3db5b4c8c372261545c7c7f529712fad92bed596f [none]
[debug] [2026-08-25T20:20:48.551Z] >>> [apiv2][body] POST https://upload-firebasehosting.googleapis.com/upload/sites/dabzzo-vendor-panel/versions/7c7c32911f5eca42/files/53623ce0a6fd0f5f30b4ffb3db5b4c8c372261545c7c7f529712fad92bed596f [stream]
[debug] [2026-08-25T20:20:48.551Z] >>> [apiv2][query] POST https://upload-firebasehosting.googleapis.com/upload/sites/dabzzo-vendor-panel/versions/7c7c32911f5eca42/files/0b23c9fc9c4bb363c64e12735aff7995585404d4871b27ccf875263b403733f6 [none]
[debug] [2026-08-25T20:20:48.551Z] >>> [apiv2][body] POST https://upload-firebasehosting.googleapis.com/upload/sites/dabzzo-vendor-panel/versions/7c7c32911f5eca42/files/0b23c9fc9c4bb363c64e12735aff7995585404d4871b27ccf875263b403733f6 [stream]
[debug] [2026-08-25T20:20:48.552Z] >>> [apiv2][query] POST https://upload-firebasehosting.googleapis.com/upload/sites/dabzzo-vendor-panel/versions/7c7c32911f5eca42/files/9c59e2cd691863365bf75f16bcc2b02a363f97a3747bad8e8a084713f4ffca42 [none]
[debug] [2026-08-25T20:20:48.552Z] >>> [apiv2][body] POST https://upload-firebasehosting.googleapis.com/upload/sites/dabzzo-vendor-panel/versions/7c7c32911f5eca42/files/9c59e2cd691863365bf75f16bcc2b02a363f97a3747bad8e8a084713f4ffca42 [stream]
[debug] [2026-08-25T20:20:48.552Z] >>> [apiv2][query] POST https://upload-firebasehosting.googleapis.com/upload/sites/dabzzo-vendor-panel/versions/7c7c32911f5eca42/files/956f8dc56774f191101d07afd352d125976b601ff4d58852951ae3c3d89be7ff [none]
[debug] [2026-08-25T20:20:48.552Z] >>> [apiv2][body] POST https://upload-firebasehosting.googleapis.com/upload/sites/dabzzo-vendor-panel/versions/7c7c32911f5eca42/files/956f8dc56774f191101d07afd352d125976b601ff4d58852951ae3c3d89be7ff [stream]
[debug] [2026-08-25T20:20:48.552Z] >>> [apiv2][query] POST https://upload-firebasehosting.googleapis.com/upload/sites/dabzzo-vendor-panel/versions/7c7c32911f5eca42/files/9b6e512f250d3a861f1399610d7bc8111002c1539ddcf7213841adab034d5717 [none]
[debug] [2026-08-25T20:20:48.552Z] >>> [apiv2][body] POST https://upload-firebasehosting.googleapis.com/upload/sites/dabzzo-vendor-panel/versions/7c7c32911f5eca42/files/9b6e512f250d3a861f1399610d7bc8111002c1539ddcf7213841adab034d5717 [stream]
[debug] [2026-08-25T20:20:48.552Z] >>> [apiv2][query] POST https://upload-firebasehosting.googleapis.com/upload/sites/dabzzo-vendor-panel/versions/7c7c32911f5eca42/files/adc4219977e9cbc6d27c8c6914106af417f59e7a4d912f60577a079a9069863b [none]
[debug] [2026-08-25T20:20:48.552Z] >>> [apiv2][body] POST https://upload-firebasehosting.googleapis.com/upload/sites/dabzzo-vendor-panel/versions/7c7c32911f5eca42/files/adc4219977e9cbc6d27c8c6914106af417f59e7a4d912f60577a079a9069863b [stream]
[debug] [2026-08-25T20:20:48.552Z] >>> [apiv2][query] POST https://upload-firebasehosting.googleapis.com/upload/sites/dabzzo-vendor-panel/versions/7c7c32911f5eca42/files/7dab8ce80d3c5e0b184f238dff16d887c66f0c91a9134561e84f9d141f098999 [none]
[debug] [2026-08-25T20:20:48.552Z] >>> [apiv2][body] POST https://upload-firebasehosting.googleapis.com/upload/sites/dabzzo-vendor-panel/versions/7c7c32911f5eca42/files/7dab8ce80d3c5e0b184f238dff16d887c66f0c91a9134561e84f9d141f098999 [stream]
[debug] [2026-08-25T20:20:48.552Z] >>> [apiv2][query] POST https://upload-firebasehosting.googleapis.com/upload/sites/dabzzo-vendor-panel/versions/7c7c32911f5eca42/files/edb593393f775833a3bd1f089d1689413e70badbecccba74051204796ffa3d03 [none]
[debug] [2026-08-25T20:20:48.552Z] >>> [apiv2][body] POST https://upload-firebasehosting.googleapis.com/upload/sites/dabzzo-vendor-panel/versions/7c7c32911f5eca42/files/edb593393f775833a3bd1f089d1689413e70badbecccba74051204796ffa3d03 [stream]
[debug] [2026-08-25T20:20:48.552Z] >>> [apiv2][query] POST https://upload-firebasehosting.googleapis.com/upload/sites/dabzzo-vendor-panel/versions/7c7c32911f5eca42/files/456000593bf1d7c9d9b124a8a8d59e77561e783a4f8ad0aff07d1efad0de5cd3 [none]
[debug] [2026-08-25T20:20:48.552Z] >>> [apiv2][body] POST https://upload-firebasehosting.googleapis.com/upload/sites/dabzzo-vendor-panel/versions/7c7c32911f5eca42/files/456000593bf1d7c9d9b124a8a8d59e77561e783a4f8ad0aff07d1efad0de5cd3 [stream]
[debug] [2026-08-25T20:20:48.552Z] >>> [apiv2][query] POST https://upload-firebasehosting.googleapis.com/upload/sites/dabzzo-vendor-panel/versions/7c7c32911f5eca42/files/b807f03cf1f28f297862d5dbde578d80199b913be81aaf81954050922cfac257 [none]
[debug] [2026-08-25T20:20:48.552Z] >>> [apiv2][body] POST https://upload-firebasehosting.googleapis.com/upload/sites/dabzzo-vendor-panel/versions/7c7c32911f5eca42/files/b807f03cf1f28f297862d5dbde578d80199b913be81aaf81954050922cfac257 [stream]
[debug] [2026-08-25T20:20:48.553Z] [hosting][populate queue][FINAL] {"max":1075,"min":1075,"avg":1075,"active":0,"complete":1,"success":1,"errored":0,"retried":0,"total":1,"elapsed":1079}
[debug] [2026-08-25T20:20:48.553Z] [hosting] uploads queued: 66
